id,property_id,transaction_type,amount_aed,transaction_date,buyer_name,seller_name,agent_name,agency,commission_rate,commission_amount,status,payment_method,notes
1,116,Sale,11923882,2023-09-30,شامخ آل علي,سلاف بن لادن,دعاء الجفالي,الحكير-آل خضير,2.1370073095939244,568588.744396508,Completed,Mortgage,"Quasi in laudantium corrupti commodi placeat. Debitis incidunt aut odit veniam voluptatum excepturi cumque.
Explicabo nisi sequi tempore sunt esse atque. Magnam quam officiis repudiandae minus odio."
2,256,Lease,198954,2024-12-09,Bob West,الأستاذ فاضل الحكير,صعب آل سلطان,"آل الشيخ, آل سعود and آل علي",2.918164350691226,4623.611655645401,Pending,Bank Transfer,Recusandae soluta in fugiat repellendus distinctio. Explicabo quae natus earum. Voluptas placeat quia eligendi eius.
3,60,Rent,190247,2024-02-22,Susan Kim,James Ramirez,Kathryn Delgado MD,Rodriguez Ltd,3.1013342348017403,6181.010005948052,Completed,Cheque,"Special box three. Hand century issue draw at. Hour way care country couple bag conference. Site budget or shoulder store show.
Else local pull own entire. Past happy door control every."
4,362,Assignment,103094,2023-10-09,الآنسة غيداء آل محمد بن علي بن جماز,Kim Ross,Mr. Kevin Hull MD,حجار PLC,2.029757760864804,4743.555562772512,Pending,Mortgage,"Just line simply available. Usually soldier section each up two.
Difference might agree do both election. Reflect pressure student present."
5,203,Sublease,169485,2024-04-26,Norman Smith,ميسون الجفالي,Kevin James,"الراشد, آل خضير and آل بن ظافر",4.007204887729575,7673.401739956091,Pending,Cash,"Water take month. Foot bit partner major population that response.
Well single management tonight lot yes. Garden hold none exactly animal hot. Her whom myself discover ago fish."
6,392,Lease,63055,2023-09-03,الدكتور كافور آل مقطة,الأستاذة كاملة الجابر,الدكتور صخر الشايع,Cunningham PLC,3.200516684914904,2468.214475484741,Cancelled,Bank Transfer,Use page finish continue. Your all cold prepare street. Attorney raise sell director since.
7,459,Lease,64380,2024-03-19,الدكتورة روبين آل حسين,عزمي آل عطفة,سلسبيل آل سعود,Young LLC,4.858284854784719,2272.210518865517,Completed,Cheque,"Position cup pick company. Drive sign us ok yourself vote almost. Miss fund future among body should president.
Box hundred either picture term popular."
8,460,Lease,159005,2024-12-12,الأستاذة بتول العقيل,Meagan Estrada,Thomas Mayo,"Johnson, Newman and Alvarez",2.400096429905643,7807.173918948563,Cancelled,Cash,"Democratic guess its impact. Sometimes market so bring. Note assume claim population he.
Side painting however specific. Executive be ok role camera."
9,385,Sublease,57058,2024-04-18,طلال آل قصير,Tiffany Gonzales,نعيم آل رفيع,"Nicholson, Hansen and Perez",2.0999113586563896,1507.4648463825692,Cancelled,Cash,"Family tend model early he church someone. Discussion present open six let wall itself.
City think office give improve hand various. Sit hundred then be so some world."
10,430,Sublease,94657,2024-09-06,مجاهد حجار,سبأ آل جعفر,الدكتورة لارا فصيل,"آل حسين, المشاولة and العجلان",4.717195321095041,3372.472738306433,Pending,Cheque,"Repellat tenetur placeat. Molestiae animi voluptatum praesentium quis non.
Molestiae quas sit nulla ratione voluptates."
11,376,Sale,1854578,2024-04-03,Robert Williamson,جمان آل قصير,شبلي آل سعود,آل عطفة PLC,2.4679289266627213,90985.04340075889,Pending,Mortgage,"Bank before four stand rest to physical. Again power everything understand.
Office rock red drug. Help in glass throughout who eight."
12,112,Lease,195344,2024-07-22,Denise Lopez,Deanna Hansen,المهندسة جلنار آل الشيخ,"Robinson, Olsen and Flores",3.6061074560089783,7276.4983023515915,Cancelled,Cheque,"Military growth memory. Class particularly alone give science industry drug. Rock recent small growth field bag ahead.
Field understand my support. Anything choice special pick compare like."
13,340,Sale,3708654,2025-04-12,عابد العجلان,المهندسة افتكار الجابر,Aaron Garza,"Burch, Trujillo and Howell",4.585016215974061,183618.1989677149,Cancelled,Cheque,Voluptas nihil libero maxime at odit. Aliquid repudiandae quis minima commodi. Dolores nobis explicabo excepturi quis repellendus.
14,147,Rent,81632,2024-11-28,Rebecca Harrison,السيد عذب المغاولة,الدكتورة سلسبيل أبا الخيل,Smith PLC,3.3876547765278513,2618.2198413349142,Pending,Mortgage,"Their family could management. Writer practice eye hospital everyone must. Majority see hear federal cold early market.
Tv safe happen standard."
15,89,Sale,6283387,2024-02-04,المهندسة نوال الحكير,ابتسام أبا الخيل,Sarah Sparks,"James, Henderson and Wood",2.714762719096078,147432.52844481074,Pending,Mortgage,Quos vel pariatur veniam aut ut. Vero dolores nesciunt vel dignissimos ea. Eveniet tempora nobis commodi earum unde eius.
16,174,Rent,119367,2023-09-16,Thomas Martin,Kevin Graham,بنان الشايع,Young Ltd,2.433730079643831,4052.837350859295,Under Review,Bank Transfer,"Fast card worry everyone few stand. Number teach evidence whether special.
Population worker avoid bank. Money front start station control citizen.
Expect take evening serve bad raise."
17,255,Rent,148713,2025-07-14,Jade Garrison,ترف الجفالي,الآنسة مريم آل علي,Ryan Inc,3.093742123834731,6475.069521884739,Cancelled,Cash,Local about appear. International section because. Character sport food. Wrong market action threat do.
18,249,Sublease,96344,2023-10-26,السيد راسم الحكير,Joshua Berry,الآنسة جوان بقشان,Colon PLC,2.0451475142788436,3886.717228432764,Under Review,Mortgage,"Identify create move study cover work. Interview those investment say Republican none open. Future out center trade you baby community.
Hotel enough production wonder go use. Everybody ball it close."
19,387,Sale,6354417,2024-10-19,Carolyn Torres,السيدة آيات الجابر,Whitney Mills,العليان-أبا الخيل,3.6195897446881995,307483.0783652683,Under Review,Cash,"Whether fact figure magazine think more. Call your month smile successful material.
Choose share doctor admit away job. Bill mind make."
20,1,Sale,4110499,2024-07-12,السيد مناف آل سلطان,Dawn Burch,Sherry Bennett,Macias LLC,2.2066534252504133,135502.2396942181,Pending,Mortgage,"Eveniet doloremque laboriosam sapiente modi corporis voluptas. Quae nam nostrum praesentium.
Doloribus aliquid occaecati dolorum in."
21,154,Sale,8568643,2025-03-03,Michelle Duncan,Nathaniel West,الآنسة سلاف المغاولة,"المشاولة, شربتلي and آل علي",4.449717166847671,249656.40110964616,Under Review,Cheque,Ducimus provident necessitatibus non eveniet necessitatibus nobis ea. Nostrum assumenda fuga animi ad in.
22,429,Rent,167996,2024-09-06,جرّاح آل عايض,جميل العجلان,Ashley Knapp,آل سلطان PLC,2.498677876022628,6676.162005908053,Pending,Cheque,"Weight a able really value reason. Generation table explain already. State which image successful.
Anyone sister fill. Never including different reduce color act. Cell take financial instead fight."
23,84,Sale,11612212,2025-03-13,الأستاذة بلسم فصيل,Shannon Smith,فردوس آل حسين,آل خضير-المغاولة,2.6394045953584255,545994.1971407239,Under Review,Bank Transfer,"Praesentium numquam voluptate tempore odio dolor nobis laudantium. Incidunt nam quo ut odit quia odio.
Iusto facilis iusto cum cumque iste cumque. Ut incidunt ducimus est magni."
24,326,Rent,139418,2024-10-18,Cameron Friedman,Michael Smith,Melissa Hardin,Foster-Santana,3.855353471282813,4532.3313387248045,Under Review,Bank Transfer,"Glass present surface friend. On take race hold practice professional. Deal end north shake idea system less.
Upon laugh will inside indeed test similar. Throughout fund hard compare move."
25,406,Assignment,172411,2024-01-04,Mrs. Megan Lopez,المهندس طالب الراشد,Shelly Sullivan,Morrison Inc,3.0576147118754924,3828.0107658643215,Cancelled,Cash,Omnis vitae aliquid voluptatum cupiditate animi placeat. Sit error ipsa eum ad impedit. Debitis rem reiciendis delectus consequatur eligendi.
26,456,Rent,102704,2024-07-29,الأستاذة لورين آل رفيع,Ryan Wong,Donna Jones,آل معيض Inc,4.681241099916928,2197.63217307178,Pending,Bank Transfer,"Nobis beatae quam expedita dignissimos. Fuga maiores illo. Ea aspernatur perferendis est amet aliquam.
Fugit tenetur possimus esse. Eveniet commodi voluptatem debitis similique perferendis nam."
27,310,Sale,2962957,2023-12-11,أريج آل سلطان,فضل الحجار,المهندس حسام أبا الخيل,"Landry, Ford and Holmes",4.001146266334359,68450.08301697376,Under Review,Mortgage,Everything reflect picture machine mind officer. Language right issue common smile ask city.
28,88,Lease,116620,2023-09-20,Cristian Silva,المهندس مفيد آل عطفة,السيد حسيب آل العسكري,الحجار-فصيل,2.8453119507217037,2876.2444568623737,Under Review,Cash,Laudantium culpa dolorum corrupti. Nobis eum nobis tempora. Eaque blanditiis explicabo nisi adipisci deleniti.
29,87,Sublease,69946,2024-09-02,المهندسة لوجين آل معيض,Jackson Herrera,ليم آل صفوان,أبا الخيل and Sons,3.83341359349801,1563.2592028475133,Cancelled,Bank Transfer,"Church then relationship interesting senior huge.
Address you within direction area. Teacher serve government. Water material charge image store pass."
30,70,Rent,84278,2024-02-23,Christine Nichols,يافع الخرافي,السيد مأمون فصيل,"Suarez, Arnold and King",4.615817430719103,2767.597272629273,Completed,Bank Transfer,"Corrupti dignissimos unde. Incidunt doloremque laborum molestias.
Minus pariatur omnis odio sequi officiis. Magni autem sequi maiores corporis. Quaerat reprehenderit quaerat deserunt."
31,18,Rent,138128,2023-09-05,الأستاذة جمان الحكير,Kelly Williams,Spencer Nolan,"حنبولي, الخرافي and آل بن لافي",4.037551435018861,6649.929026566215,Completed,Bank Transfer,Like front poor. Hard sign television we probably bad court. Clearly care watch spring cost party force. Only court western together.
32,200,Sublease,193423,2024-07-03,Jeremy Lowe,جودي الجابر,Alyssa Garcia,آل محمد بن علي بن جماز and Sons,4.512945502749943,7533.970404731189,Completed,Cash,"Day machine street couple your.
Write agent road character. After strategy hit operation value material others. Foot send say almost direction street western."
33,209,Sale,2595109,2024-11-05,David Maldonado,Jordan Mckinney,الدكتورة ديمه آل عطفة,"العقيل, حجار and أبا الخيل",3.7964760874328167,109013.37200187992,Completed,Mortgage,"Laugh these win tough. Customer upon gun. Position attack improve now account per.
Four pull perform. Seven entire reflect window pull. Note cut individual."
34,162,Sublease,138944,2024-06-06,William Moreno,مروان آل محمد بن علي بن جماز,طارق بن لادن,آل صفوان-آل قصير,4.19622220542232,6722.902778081898,Cancelled,Cash,Benefit off fish wait add hour. Some dog idea meet. Step scientist seem develop college still.
35,396,Sale,9100286,2024-12-11,Lucas Weaver,الأستاذ معين آل بن لافي,المهندس ساطع آل خضير,آل عايض Group,2.0636622788066123,257508.34365090323,Completed,Cash,Blanditiis doloribus tempora nesciunt. Nemo porro est libero neque minima. Ipsa magnam voluptatem reiciendis iusto at expedita.
36,488,Lease,154459,2025-01-06,الأستاذ لهفان آل الشيخ,المهندسة روبا الخرافي,الأستاذ خافق كانو,"Cook, Powers and Hernandez",2.417528236545925,5141.576846206892,Completed,Cash,Possible any down. Of herself least arm. Statement personal lose article car well school.
37,436,Sublease,187124,2024-04-08,Deborah Butler,الأستاذة اصيل الخرافي,ميرا آل حسين,"آل سلطان, المغاولة and العجلان",3.9385460353098942,4801.810412450767,Under Review,Bank Transfer,"Quas explicabo dolores unde. Vitae fuga pariatur laudantium facere ab.
Dignissimos soluta nemo eius."
38,499,Sublease,140601,2025-02-05,نوّار آل الشيخ,Amber Mcdonald,الدكتور ثاقب أبو داوود,"مهنا, العقيل and حنبولي",4.109679125493596,6563.187063883246,Pending,Bank Transfer,Eaque similique beatae vel quasi. Aut eius quas dignissimos quasi perferendis.
39,373,Lease,86452,2025-05-06,اعتماد آل عطفة,إخلاص حنبولي,طاهر آل سلطان,آل رفيع-الخرافي,3.2133724993884463,2551.258090304432,Under Review,Cash,"Officiis culpa unde veritatis quos. Perspiciatis enim fugiat at nam.
Ullam quisquam suscipit ullam. Sequi ducimus incidunt dignissimos maiores quae."
40,474,Sublease,178770,2025-05-13,باهرة بن لادن,Marc Sutton,Mason Woods,"Campbell, Perez and Juarez",2.4635762409884254,8719.988500187774,Under Review,Cash,Participant economy voice bit window. Animal nearly peace indeed. Create else situation worry. Course compare relationship list out without professor line.
41,20,Sale,8368929,2023-12-17,سعدي الحجار,Emily Torres,قائد آل حسين,"Smith, Garcia and Harmon",2.1383292001279814,293922.11558210285,Under Review,Mortgage,Illo deserunt neque quas accusantium. Qui rerum amet reiciendis quas fugit repudiandae. Repellat dolorem magni aut. Perspiciatis minus nesciunt reiciendis minima expedita.
42,353,Assignment,77514,2024-04-08,Tara Harris,روفيدا الشايع,Michael Todd,Holt Ltd,4.361951665135058,1740.559657196316,Pending,Cash,Repellat cumque modi veniam. Eos odit numquam minus placeat consequuntur.
43,4,Lease,58537,2025-02-02,Alexander Jones,Alexis Weeks,Kathryn Silva,Martin-Mata,2.6814821122252717,2629.398032714044,Under Review,Cheque,Quia molestiae repellat sit eaque. Eveniet nostrum reiciendis distinctio. Perspiciatis excepturi ex dolor nesciunt incidunt. Quas quod ipsam eaque sit.
44,259,Assignment,191573,2025-03-21,Gavin Clay,Denise Jones,لبيد آل بن لافي,Williams-Bowen,4.815662070441155,4032.5146452319304,Completed,Cheque,"President name sort later. Size order hour TV miss nearly.
Political animal military order. According keep war second describe feeling husband."
45,470,Assignment,84396,2024-08-03,فرات العجلان,الدكتورة ديمه الحجار,زايد الخرافي,"الشايع, أبا الخيل and آل سعود",3.6883793187789817,2134.0754037781344,Pending,Cash,"Force road enough ask shoulder.
Left positive wear focus pressure son significant. Cup teach mean health or still reveal. Enter give let reality history whether carry."
46,353,Lease,106546,2024-11-18,جوان الحجار,الدكتور وجيه الدباغ,William Williamson,بن لادن-المشاولة,2.820532434699945,3684.983544327086,Completed,Cheque,Ten campaign forget right hit. System suddenly American foot ball remain. Until data final reality. Physical choice account soon.
47,360,Rent,183349,2025-05-13,مؤمن آل عواض,وجيه الشايع,رباح آل جعفر,White-Martinez,4.543043981128241,7258.606629911348,Completed,Bank Transfer,"Velit magni esse debitis. Commodi quia repellendus a.
Aliquid odit sed occaecati praesentium quae debitis totam. A dolores incidunt."
48,134,Lease,103524,2024-09-03,السيد موسى حنبولي,السيدة بلند الحكير,تميم آل عواض,Church Inc,3.549875275362386,4984.642685235495,Completed,Cash,"Accept service actually senior third cut. Claim my challenge.
Firm positive mother free sea wrong. Friend available never."
49,275,Sublease,184803,2023-09-14,عبد المجيد أبا الخيل,المهندسة ترانيم آل رفيع,الآنسة فرات آل جعفر,حجار-فصيل,2.7077851627108154,6842.914227327628,Completed,Bank Transfer,Every own goal. Sell where ever machine. Include Democrat father campaign others sort themselves. Same animal once amount surface order card.
50,321,Sublease,115605,2025-08-20,Thomas Mccullough,Ian Johnson,Jeremy Parsons,Gomez-Oneal,3.40882233932196,3249.579780703466,Under Review,Cash,"Possimus exercitationem consequatur et modi voluptates consequatur.
Dignissimos adipisci sequi. Voluptatem possimus dolores totam. Perspiciatis beatae quisquam voluptas commodi itaque."
51,271,Lease,73217,2025-02-16,Jeff Martin,عبد المجيد الشايع,تولين آل مقطة,بن لادن-آل عطفة,2.2822963563588354,2308.9232609982982,Cancelled,Cheque,"High fact history finish. End century break market early industry be. Past Mr almost employee mention just.
Shoulder whether arm full road matter rock same. Best world together surface throw option."
52,372,Sublease,111943,2024-05-13,هزار حنبولي,Anna Foley,إلينا آل مقطة,Hill-Turner,3.855676193853975,4302.401004005303,Pending,Cash,"Porro sequi voluptatum non nihil. Occaecati necessitatibus fugit accusamus dolor.
Perspiciatis quasi eaque odio nemo. Temporibus officia possimus saepe cupiditate totam voluptas. Ad eos facere."
53,114,Lease,60567,2024-02-03,Eric Martinez,طامح حجار,John Morrison,Carter Ltd,2.28587719454373,2777.683729599714,Completed,Cheque,"Strong boy term. Board huge coach truth collection.
Ago rest commercial financial several. Evening suddenly so summer. Behavior Congress perhaps medical."
54,151,Assignment,94409,2025-02-15,الدكتورة ضحى آل صفوان,بشرى آل عايض,المهندسة أزهار آل حسين,"Gilmore, Clark and Hall",2.772988510000056,2752.5865295953117,Pending,Bank Transfer,"Moment figure in present wish mean. Response treatment prevent oil. Material recognize pay ask. Know maybe boy and.
Class concern section able. Become scientist possible century maybe."
55,213,Sublease,114525,2025-06-17,Kristy Lewis,الأستاذ فاضل آل جعفر,Jacqueline Cooke,Young-Baker,3.9823703230504215,3598.6315716885706,Cancelled,Cheque,"Aspernatur occaecati aut. Omnis iste a ratione.
Velit veritatis odio enim voluptatibus veritatis veniam labore. Aut earum eos. Veniam pariatur animi provident assumenda."
56,485,Sublease,55211,2025-04-11,السيد عبد التّواب العقيل,مختار الحجار,الدكتورة سجا المغاولة,Palmer-Davis,2.402876707103701,1138.1823736342694,Completed,Cheque,"Whether edge security institution thousand. Year end current along someone.
Somebody occur value hear vote writer none."
57,282,Assignment,103830,2023-09-16,Douglas Burton,Carlos Smith,الأستاذة نشوة آل جعفر,"الخرافي, بن لادن and العجلان",4.741647996059804,4592.209140715021,Under Review,Mortgage,"Sapiente earum cupiditate ab.
Provident ullam qui commodi quis atque omnis. Excepturi architecto explicabo ut officia error iste. Quam veniam nam odit. Soluta sed error dolores."
58,63,Sublease,147903,2024-06-18,السيد ظاعن حجار,Donna Ortiz,Gary Banks,Rodriguez-Haynes,3.4644507089794154,3895.109755744826,Pending,Bank Transfer,"Factor mention line new. Teach song same recognize hour different.
Operation reality politics maintain evening sea bank attention."
59,271,Sale,9173425,2025-04-04,Christine Hill,Leslie Blackwell,Steven Rosales,Morrow-Williams,3.328180312200031,204614.62363480855,Under Review,Mortgage,Nostrum illo quasi veritatis voluptatum. Mollitia maiores odit voluptatibus temporibus ipsum at. Ex culpa nobis qui delectus aliquid quasi.
60,476,Lease,197104,2024-10-23,عثمان مهنا,أريج بن لادن,الآنسة ريتاج آل بن ظافر,الجابر-آل بن ظافر,2.1154063184929353,8038.685635764702,Completed,Cheque,Sed eum velit ipsum cum veniam. Incidunt quia aspernatur neque. Saepe occaecati quod vitae nesciunt quasi.
61,24,Sublease,190690,2023-12-23,Tony Lewis,Ashley Simpson,Rebecca Wilson,العليان-العليان,2.209649887217288,6691.084920536956,Completed,Cheque,"Quis quia expedita molestias ratione. Laudantium voluptate adipisci culpa voluptas optio quaerat.
Eos amet fugiat vel reiciendis."
62,222,Sale,10938965,2024-01-26,Vincent Graves,الدكتورة ماذى آل قصير,Mary Carr,"آل حسين, المغاولة and آل خضير",4.629818986890555,236042.98496070312,Completed,Bank Transfer,Can fight these anything dream but it across. Reach statement head yet. Section could candidate race fast.
63,492,Rent,75841,2024-05-04,Terry Reyes II,زين آل عطفة,Angela Harris,Anderson-Jones,3.4168656021554673,2182.21727935107,Pending,Cheque,"Story take spend. Rich against major job teach perhaps. Mind around prove as key list piece.
Whom political sure federal. Pattern yet scientist west just."
64,81,Assignment,57011,2025-02-17,Ryan Smith,Roger Vargas,Casey Williams,"الجفالي, مهنا and بن لادن",3.9323198423197137,2195.029622077062,Cancelled,Bank Transfer,"Million theory bad less health similar almost. Give free road chair skill carry.
Fact make room. Range security pass drop.
Interesting politics car."
65,55,Rent,122671,2023-10-03,James Munoz,مهدي آل محمد بن علي بن جماز,Sylvia Krueger,فصيل LLC,3.5333959508593393,4917.339367793152,Under Review,Mortgage,"Assumenda ullam incidunt. Qui soluta rerum voluptas quo.
Debitis praesentium nihil.
Quae beatae quod odio laborum. Omnis eveniet explicabo ipsam inventore."
66,166,Sublease,93059,2024-11-23,الدكتور نصري الجابر,Karen Patterson,سلاف مهنا,Parker Group,2.3913500836600927,4219.059764321549,Pending,Cash,Foot behind add. During two treatment set. Tell wrong west year teach this.
67,197,Sale,5356629,2024-04-06,المهندسة تولين آل مقطة,كاملة حنبولي,Michelle Wells,آل معيض-حجار,2.548905571903492,245213.53025019387,Completed,Bank Transfer,"Start yet bit development tax. Local down defense simple employee democratic. International should evidence wide learn so.
Success always business able. Right world realize while score."
68,162,Assignment,182349,2023-10-21,المهندس نوّاف حجار,نظمي آل عايض,William Williams,Powell-Lawrence,2.9575040123951486,4908.517183255073,Completed,Bank Transfer,Culture cause include. Still Republican question officer brother trip two fine. Under image maybe some.
69,439,Lease,65269,2025-05-09,وفيق العقيل,آيات آل حسين,Daisy Lewis,Bailey Ltd,4.895277400206506,2140.4815547022195,Completed,Mortgage,"Compare Mrs although return go last amount. Marriage we international general figure few couple.
Data almost toward attorney pay."
70,205,Assignment,120699,2024-11-10,Denise Mcgee,المهندس زياد آل خضير,Joseph Waters,Gibson-Barber,2.2163777635313733,4218.591965560584,Completed,Cheque,"Fall sport east charge many mind social. Option discuss between four. Cause beat there national family wait thought.
Budget contain sound behind floor each."
71,293,Assignment,167575,2023-12-25,Carolyn Taylor,خاشعة الشايع,Gavin Long,الشايع Group,3.6498153498346686,8219.818585516752,Completed,Bank Transfer,"Est totam sit delectus id.
Eius repudiandae assumenda praesentium nam vitae fuga id. Atque nobis omnis beatae iure voluptatum. Rerum ipsam ab quisquam odio amet."
72,471,Sale,9608110,2025-08-10,Debra Wilson,الآنسة ابتكار العجلان,Taylor Russell,Rivera-Roberts,3.2742927888996625,241879.0335051481,Completed,Mortgage,Quam perferendis porro odio. Magnam inventore nesciunt ad saepe. Accusamus maiores accusamus quas ipsa.
73,2,Assignment,101742,2024-10-13,عرفان آل علي,السيد نظمي الراشد,الأستاذ كرم العقيل,"آل عطفة, الراشد and آل حسين",3.5398116279564684,3487.253880790437,Pending,Cash,"Various may third.
With vote ground continue arrive. End produce prevent senior customer recent bad."
74,174,Lease,181169,2025-06-23,الأستاذ نعمان آل سلطان,Juan Vargas,يافع آل عايض,المهيدب-الشايع,3.0091155442738087,4283.28050282097,Completed,Cash,"Door thus these fly young. Material American pressure suggest high person guess go. Make trouble office.
Skill forget say yourself page bar education reason. Prove civil foot entire fact."
75,499,Lease,188647,2024-06-27,Aaron Grant,ريم آل بن لافي,Samantha Jones,Roach-Jones,4.615143384055934,5304.957807576472,Completed,Mortgage,Atque id voluptas porro cum. Labore cum fugiat amet consectetur earum. Sapiente exercitationem maiores inventore culpa quidem voluptates minima.
76,9,Lease,92346,2023-12-26,الدكتور طائع كانو,Nancy Hall,ريفال العقيل,Harper and Sons,4.369517144819695,3795.89934133699,Under Review,Bank Transfer,Deleniti dignissimos a ipsum inventore velit quisquam sed.
77,244,Lease,172806,2023-10-16,Kurt Turner,يونس الشايع,الدكتور عزّت الحجار,Collins-Strickland,4.160220873018926,5601.6739012339585,Under Review,Bank Transfer,Dolore necessitatibus veniam libero dicta. Distinctio ipsa asperiores quasi quo in tenetur. Eius natus soluta eum adipisci. Repudiandae perspiciatis fugit aut unde modi sit iste.
78,472,Rent,109920,2024-01-11,نوره المغاولة,Stephen Hodge,ديسم آل سعود,"Hudson, Manning and Lewis",2.380238768459094,2470.862075928862,Cancelled,Mortgage,"Voluptates deleniti iste. Perferendis voluptatum at. Architecto provident natus libero consequuntur minus.
Laudantium ullam nihil a. Repudiandae minima harum explicabo."
79,165,Sublease,135312,2024-04-28,وريد بقشان,Jennifer Carroll,Alicia Campbell,"Boone, Wilson and Oliver",4.358797631431349,6694.367736669305,Under Review,Cheque,Above weight oil style red Congress name free. Challenge decide until safe of level. Someone out treat just find.
80,53,Sublease,93601,2023-09-24,وفاء آل بن ظافر,Jennifer Mcgee,Michelle Mullins,"Clark, Kemp and Miles",3.6421759808599314,2223.318392792121,Under Review,Cash,"Tempora commodi modi suscipit est maiores culpa. Voluptatem placeat fuga soluta laudantium laudantium.
Dolore soluta quia nisi."
81,376,Assignment,137379,2024-01-28,نور آل الشيخ,Jill Shepard,الآنسة شهد آل سعود,"العقيل, الراشد and بقشان",2.0385007467905094,4234.726113012912,Under Review,Bank Transfer,Natus harum impedit commodi autem ab ipsam consequuntur. Nisi eligendi at architecto quos. A illo consectetur ipsa eos a.
82,317,Rent,94778,2024-12-09,السيدة دارين أبو داوود,السيد عاصم أبا الخيل,المهندسة ديمه آل سلطان,بن لادن-المهنا,2.3342946511947122,4318.458307374256,Pending,Cash,Accusamus laudantium ea ea numquam. Vero natus officiis molestias iusto maxime doloribus magni. Eum dolores minima inventore aperiam illo dignissimos. Iusto repellendus voluptas esse.
83,350,Rent,51542,2024-01-13,عتريس فصيل,Benjamin Shepherd,Calvin Torres,الدباغ-العقيل,4.975664804836044,2391.886478662413,Pending,Cheque,"Dolorem perspiciatis soluta repellat corporis.
Beatae ratione deleniti facere perspiciatis quam at sunt. Ipsum exercitationem eum id."
84,73,Rent,140598,2025-07-28,Jeffrey Lee,Evan Francis,الآنسة تاليا أبو داوود,"الخرافي, آل بن ظافر and آل عطفة",2.753341018724478,6626.747342372623,Cancelled,Cheque,Agency meeting station well opportunity. Support each candidate wrong. Control oil heart number fear blue.
85,184,Rent,94229,2024-08-03,هيثم حنبولي,Ryan Griffith,Daniel Miller,Ortiz-Kelley,3.063695909964185,4426.045134773266,Pending,Mortgage,Doloribus officia soluta recusandae fuga. Possimus aliquam explicabo voluptatibus minima asperiores assumenda. Iusto ipsum tempora. Accusamus modi ipsa ea voluptatibus porro sit.
86,359,Sublease,156952,2024-07-02,هايدي آل الشيخ,Lacey Graham,Holly King,Cruz-Martinez,4.90630178645058,3300.417675432139,Cancelled,Bank Transfer,"Environmental similar often affect a start heavy. Age form word civil.
Left involve join oil thought ask quite. Live push health lose note."
87,409,Lease,107287,2024-05-12,Matthew Allen,David Oliver,الآنسة إخلاص آل علي,"آل صفوان, المهنا and الجابر",4.431785958285362,4698.894806236297,Completed,Cash,"Similar degree water their open. Peace behind leg set research. Some young prevent grow down father cost.
Direction free subject all personal meeting figure. Hold ability similar ahead who else."
88,19,Assignment,67980,2024-06-18,Laura Olson,Deborah Bailey,Lauren Armstrong,آل سلطان Inc,4.78437484944363,2635.961477459611,Under Review,Cheque,"View leave help human laugh. Painting memory five experience information water.
Hotel instead situation can set receive man. Five phone dream read air."
89,252,Lease,134057,2024-10-13,Julie Bush,السيدة سلاف آل محمد بن علي بن جماز,Edward Miller Jr.,"الحجار, المهنا and بن لادن",3.3106961981076832,4795.409630004181,Cancelled,Cheque,"Four apply join my. Camera threat town member finally. Score argue available fight imagine sister above.
Thank best myself soldier. Nothing learn fact degree hospital."
90,24,Rent,51556,2024-06-04,Tonya Lang,فوّاز آل خضير,Amanda Smith,Edwards-Bowers,2.3523938188105196,2318.967959485926,Cancelled,Bank Transfer,Pariatur commodi pariatur fugit optio sapiente. Harum assumenda eligendi non commodi. Consectetur alias voluptatum ipsam doloribus eveniet eveniet. Amet aut ipsa quis animi animi porro debitis.
91,239,Lease,133966,2023-09-12,الدكتورة بهاء الراشد,السيدة هايدي المشاولة,السيدة تاليا الجفالي,آل جعفر Inc,2.4331421167059264,6162.143130967648,Pending,Bank Transfer,Officiis explicabo quod corporis aperiam. Nostrum fugiat laborum expedita corporis odit perferendis.
92,371,Sale,942117,2024-07-11,Elizabeth Neal DDS,المهندس خلوصي المهنا,Laura Riley,آل عايض Ltd,2.8662024045241963,25856.523780047894,Completed,Cash,Money range power at space laugh piece. Up become happy audience agency. News my stuff where as.
93,211,Rent,92593,2024-05-26,الدكتورة جودي أبا الخيل,عمران الخرافي,ريما آل قصير,Freeman Group,4.237638343138707,3725.240831477474,Under Review,Cash,Four yet ok green me run. Mean affect series industry unit way. Manager social ball contain particular relationship try. Democrat together Congress there people apply.
94,446,Lease,78287,2025-01-21,Douglas Cunningham,Jack Dennis,Lisa Reynolds,أبو داوود and Sons,3.607130791000529,2260.953547914333,Completed,Bank Transfer,Situation year PM situation officer pay usually. Several least who win Republican citizen. With much nation often full the model.
95,308,Sublease,98285,2024-01-11,موفّق بقشان,Tammy Scott,الآنسة لينا آل عايض,Patrick Ltd,4.0885963280326765,4719.875567900808,Under Review,Bank Transfer,"Dolores eligendi maiores tenetur dolorum. Laborum excepturi numquam qui voluptatibus corporis ducimus.
Distinctio eligendi quaerat neque exercitationem. Minima mollitia quas explicabo."
96,257,Sublease,139380,2025-03-10,الأستاذة ريناد آل صفوان,Gabriella Hooper,ريمان الحكير,آل علي Group,2.377825024257604,3373.9957842770577,Completed,Bank Transfer,"Occaecati exercitationem tempora iusto unde animi ab. Ducimus nihil optio totam. Repellendus consequatur fuga consequatur mollitia natus.
Dolore iste soluta quas. Aliquam expedita sunt ex voluptates."
97,66,Lease,77202,2025-02-26,Albert Pittman,Javier Jenkins,David Briggs,"آل حسين, العليان and آل معيض",4.9435711173011505,1993.279987724628,Under Review,Bank Transfer,Will research catch drug effect stop. Down part high. Begin quality find program deal bank.
98,212,Lease,171426,2025-04-15,Gabriel Young,Caitlin Crosby,راجي كانو,Anderson LLC,4.427790416197039,7670.071612504015,Completed,Cash,Job red green it. Blood especially sit push under special suddenly. Affect reach series site thing middle court. Than budget career professor develop.
99,117,Assignment,153238,2024-11-23,Daniel Martinez,المهندس فهمي أبو داوود,الدكتور شاطر آل العسكري,Mathews Inc,3.2436293781045906,6854.927959651871,Cancelled,Cheque,"Answer truth someone response.
Method arrive bad stop although factor anything professional. Worker important edge run such black. Military prevent realize movie key read budget."
100,22,Sublease,55626,2025-04-30,Edward Murphy,هاشم آل حسين,Desiree Holland,الدباغ and Sons,3.1619211925116213,2140.858797272138,Pending,Cheque,"Real production explain put wish anything during young. Sister various really soon clearly. Down glass become green sense human upon.
Page beat some thing man. Reflect among away machine."
101,428,Lease,197763,2024-12-27,Craig Morales,Jennifer Chapman,بيلسان آل صفوان,Lewis-Davis,3.212308939931875,7352.637481527521,Completed,Cash,"Truth some serve. Toward agree especially pick wide plan.
Apply woman cause understand clearly character quality window. Task rich admit low thus group contain."
102,335,Lease,108545,2025-04-08,المهندسة لاما حنبولي,Darren Ellis,Edgar Mitchell,"المهيدب, آل خضير and كانو",3.826897944254152,5281.108755314343,Completed,Cash,Aliquam facilis accusantium pariatur eveniet dicta unde. Quidem tempora magni qui quasi.
103,406,Sublease,108775,2024-11-03,James King,صعب أبو داوود,Randy Cantu,آل سعود Group,2.3230693948300942,2563.95063572798,Pending,Bank Transfer,"He participant plant member soon. Heart have option rule imagine get recent born. Mrs live wonder network notice.
Art method majority. Clear nor major sing. Exactly chance list hotel."
104,459,Assignment,112105,2025-07-11,يعرب آل الشيخ,Jamie Horton DVM,السيدة أناهيد المهيدب,"Castillo, Kent and Smith",2.734676951565501,4375.769995121509,Pending,Cash,Nesciunt sed voluptate iure. Hic vitae neque fugiat. Alias distinctio illum cumque eos.
105,450,Sale,4191660,2023-10-17,Alicia Torres,Sara Jones,Vincent Barber,آل عايض and Sons,3.0370302146340435,165257.82276461765,Completed,Bank Transfer,Quasi maxime expedita sunt. Sapiente fugiat doloribus sed iste. Animi atque sequi mollitia. Omnis asperiores in nemo.
106,155,Assignment,131766,2025-07-24,الآنسة ايمان العقيل,السيد صامد آل جعفر,الآنسة أريج الشايع,حنبولي-حجار,2.1152657084421502,4794.910595452281,Under Review,Bank Transfer,"Wait dog fish several mouth home. Central but hospital business some interest.
Of fast bag score stock. Job test rise. Lot moment feel a collection nation everyone."
107,437,Rent,96820,2024-06-09,عبد اللطيف آل قصير,ربى آل سلطان,الدكتور فاضل آل محمد بن علي بن جماز,آل حسين-الشايع,3.6534090050100345,1955.9467320504955,Completed,Mortgage,Iure fuga praesentium. Blanditiis quos earum impedit reiciendis quos. Repudiandae ea quaerat alias inventore vitae recusandae.
108,140,Sale,3455300,2023-09-11,Michael Long,مظهر آل جعفر,نشوان شربتلي,أبو داوود Inc,4.0972912886460175,107984.9003968932,Under Review,Bank Transfer,Thank enjoy number full purpose system quickly. Large hour site benefit well. Measure receive green human expect cup.
109,326,Sale,8940710,2025-03-01,Glenn Curry,المهندسة أجوان الدباغ,الدكتور ذريع العجلان,الحكير Group,4.917103811350408,238321.20369712982,Completed,Mortgage,Maxime error pariatur facilis earum repellendus dolores. Voluptatem nostrum in repudiandae. Magnam atque at iste dolore.
110,249,Lease,176077,2025-05-09,Jeffrey Singh,Sandra Collins,معارف أبا الخيل,الراشد Inc,2.0631873206215356,7353.1953409566095,Completed,Cash,"Box position fast yes need. Staff forget just win action.
Often quickly a avoid. Above last near part crime nation visit. Plan someone individual better any."
111,439,Assignment,57078,2023-08-27,Ruth Wright,خليل العليان,Scott Cuevas,Franco and Sons,2.652153571632049,1538.0663630201484,Cancelled,Bank Transfer,"Nice whole positive policy than teach small total.
Live easy although full. Who issue might two do experience.
Guess anything many four. Personal up son husband smile country."
112,325,Sale,9533786,2025-07-15,بنفسج حنبولي,Ashley Duran,الدكتورة سجى آل معيض,"الخرافي, حجار and آل عواض",4.823806194389042,399379.3817727244,Pending,Cash,"Dark father evening interest group trade expert.
Evidence tough month race easy serve force. Chair piece level community fight project."
113,380,Rent,105927,2025-03-13,Robert Mcdonald,مرعي الدباغ,شكيب أبو داوود,العجلان Group,4.950395531524712,3488.645285032857,Under Review,Bank Transfer,Distinctio doloribus illum nemo quasi. Atque sequi nisi iste rerum. Voluptas provident quae rem.
114,152,Rent,94901,2025-08-15,بنفسج كانو,الآنسة سديم آل خضير,Crystal Roman,آل حسين Group,3.670940117335282,4496.058103480857,Cancelled,Cheque,Long play know sign rock carry stock. Challenge father market middle management small agent.
115,150,Assignment,131815,2025-08-20,شعيب آل صفوان,James Dougherty,ريما آل حسين,"الراشد, المهنا and آل حسين",4.678304414039971,3264.1434132548643,Pending,Mortgage,"Maybe need interesting think which official. Notice break or kid indicate again grow.
Else live general heart. The success note. Bed before Democrat whole. Yard enjoy never hotel."
116,421,Rent,177077,2024-11-04,Anthony Romero,المهندس مدحت آل بن لافي,Cassie Walsh,"Lane, Brown and Turner",3.2259796344346725,6656.913132966257,Completed,Cheque,Numquam aspernatur exercitationem aspernatur fuga praesentium unde. Consequatur blanditiis ad. Nam culpa dolorem reiciendis aliquam.
117,2,Assignment,75905,2025-02-06,Renee Lang,Kevin Park,كايد الحكير,آل سعود-آل حسين,3.9173384125788275,2696.49093770862,Under Review,Cheque,"Iusto nostrum aperiam quisquam repudiandae. Ipsa sint maxime consectetur alias.
Expedita voluptas a eveniet dolorum repellendus. Iusto incidunt repellendus ipsam."
118,443,Lease,69504,2024-11-18,David Weaver,الأستاذة وصاف الحجار,David Clark,Parker Ltd,3.3828991304871026,1700.8214968490515,Under Review,Cheque,"Porro eius minima iusto veritatis consectetur accusamus. Voluptatem blanditiis eaque.
Pariatur incidunt esse molestias. Voluptatem sapiente amet voluptatem reprehenderit aspernatur qui laboriosam."
119,429,Rent,184293,2023-09-15,Vanessa Gonzalez,Alexandra Atkinson,Patricia Anderson,آل رفيع Inc,3.0512413489481447,4004.983888782167,Under Review,Mortgage,"Modi nostrum accusantium. Dolore hic velit quibusdam error soluta.
Ab quaerat totam iste dolore dolorem. Dolor perferendis ratione similique praesentium odio."
120,162,Sale,6547173,2023-11-13,بهاء آل مقطة,وجيه آل عطفة,Susan Russo,"آل عواض, العجلان and الراشد",2.5837106114833976,143011.63703817065,Completed,Mortgage,Simply ten read toward. Stage message care surface field hotel people although.
121,100,Sale,5249531,2024-07-08,السيدة بلقيس آل سلطان,Michael Davis,السيد عطاء بن لادن,Walker Inc,3.3305427906613256,160512.72551270868,Under Review,Mortgage,Eligendi aspernatur consequatur repudiandae ab doloremque veniam. Quibusdam natus similique dolorum. Minus aperiam tempore ipsa ipsam tempora.
122,379,Sale,4379428,2024-05-27,السيدة نغم آل جعفر,Elizabeth Kennedy,Erika Harris,"آل قصير, حجار and كانو",2.2298248779745355,129089.3316203046,Cancelled,Cheque,"Aut eum dolore explicabo. Similique officia deleniti eius ipsam iusto vitae doloribus. Eum dicta reprehenderit repudiandae.
Amet provident praesentium eveniet rem. Fuga quos iusto in omnis."
123,33,Assignment,110269,2025-01-17,Christopher Clark,Vincent Cabrera,Valerie Shah,Austin-Morris,3.874994215205254,4294.591665332134,Completed,Cash,Serious table focus exist nor. Attorney should surface consumer energy decision how amount.
124,213,Assignment,81364,2025-06-13,راسم بقشان,Edwin Camacho,Frederick Evans,Jenkins Ltd,4.21952810017846,2116.0988107841827,Pending,Cash,Knowledge one future heavy. Expect still yeah develop customer spend. Soldier front project key economy.
125,352,Sale,9688716,2023-10-28,Larry Morton,Stephen Jenkins,Matthew Jenkins,Fernandez-Lucero,4.296138339677004,414467.16494876804,Pending,Cash,Mind let why particular health player land.
126,242,Rent,168611,2024-05-27,Christine Macias,الأستاذة سجا آل عايض,المهندس زياد العليان,"Brewer, Green and Smith",2.1737100407015033,7304.6133267034365,Cancelled,Cash,"Indeed American really risk. Another turn fear industry relationship fund. Prove write charge fire.
Spring accept list reality these. Power sit game so over campaign idea."
127,281,Assignment,128968,2024-11-23,غوى الجابر,Antonio Tran,William Carey,Lane-Koch,3.489690476708594,5194.474544848285,Completed,Bank Transfer,Eligendi dolore consectetur. Amet expedita quas dolorem ipsum error consectetur.
128,193,Rent,89042,2024-11-18,Jennifer Baker,قدري آل معيض,Cody Howard,"آل رفيع, المهنا and الجابر",2.0219602222239454,3585.718911560845,Under Review,Cash,"Totam quia magnam laudantium repellat explicabo. Libero amet nulla iste amet.
Blanditiis soluta eaque sed nobis. At dolorum velit minus. Asperiores cum iste impedit velit laboriosam enim."
129,173,Rent,131252,2023-12-11,عبدالله آل قصير,نائل آل خضير,الدكتورة جوليا آل مقطة,Page and Sons,4.056937709033184,4109.252766732906,Completed,Mortgage,Aperiam accusamus nam. Praesentium qui praesentium fugit. Doloribus dolore suscipit et excepturi architecto corrupti esse. Facere tempore eos nemo.
130,266,Rent,171798,2024-05-26,الدكتورة أفنان العقيل,Robert Miller,Jason Spencer,الدباغ-حجار,4.596966077793272,4954.208694093113,Completed,Bank Transfer,"Far call ok well window personal.
Difficult mention indicate child. Message team day heart arrive face mission past.
Character instead also water that throughout."
131,378,Lease,145464,2025-03-12,الدكتورة ضياء آل رفيع,Hannah Little,مايا آل علي,Howard-Brown,3.601712717021955,3983.740224459595,Completed,Bank Transfer,Suscipit beatae sunt consequuntur excepturi. Laudantium consequatur sapiente exercitationem tempora tempore porro.
132,236,Assignment,161938,2023-09-24,Carlos Cole,اعتماد شربتلي,Molly Mcclure,آل معيض-شربتلي,2.8017505937489786,4666.195761106124,Completed,Cash,Likely affect also purpose choose whom rise four. Serve question billion before.
133,324,Sublease,179184,2025-04-01,نور الدّين أبا الخيل,ناظم آل محمد بن علي بن جماز,لوليا الحجار,شربتلي and Sons,2.6000511427078474,4741.389722680074,Completed,Bank Transfer,"Here teach gun look ready prevent national test. Have concern available.
Once power life large put know. Performance thought lawyer."
134,281,Assignment,90858,2025-06-21,Rhonda Young,بدرالدّجى آل بن ظافر,فارس الجابر,Mason-Malone,4.755582617949508,2732.5090804187844,Pending,Cash,West any all ability sell choose would. Check federal only family nor air pull feel. Data open position other base down.
135,41,Sale,1004172,2025-04-11,المهندس زبير الدباغ,فرات آل حسين,الأستاذ حفيظ المهيدب,"المهنا, كانو and بقشان",2.668180536974665,26384.036874162066,Completed,Bank Transfer,"Service information cell per some travel. Pm nor cost relationship take pick along.
Poor interest southern focus task. Culture debate for reduce should direction. Mouth must stand if."
136,280,Sale,10269419,2024-12-02,الأستاذ عرفات حجار,Charlotte Duncan,كرمة المهنا,آل حسين Inc,2.091080744122335,221466.28790734176,Cancelled,Mortgage,"Sunt eum atque. Consectetur velit tempora minus tenetur commodi.
Odit minima possimus. Suscipit dolores odio quas.
Consequuntur maiores occaecati vero."
137,395,Sublease,141007,2025-06-20,منيف كانو,أزهار آل سعود,Erin Bennett,Ruiz Ltd,2.6136105063066895,6389.413478424512,Pending,Bank Transfer,Modi laborum autem beatae voluptates ut enim. Repellendus dolorum aperiam at quaerat incidunt aperiam dolore.
138,158,Assignment,180347,2024-11-22,جواهر آل صفوان,الدكتور هلال آل صفوان,David Weber,Rodriguez Ltd,2.3638206994356845,6139.670088964482,Pending,Bank Transfer,Dog total after memory. Garden tonight listen use create tough. Education table computer discussion.
139,305,Sale,4567029,2023-09-05,المهندسة بلقيس آل سلطان,Julie Nelson,السيدة خاشعة آل بن لافي,"الخرافي, المغاولة and العليان",3.9730570483298764,143158.78046740306,Pending,Bank Transfer,"Finish more ago chance news beat wait.
Third fire you peace can. School war civil office situation central science."
140,123,Assignment,104026,2024-02-21,الأستاذة اعتكاف آل عواض,الأستاذ يحيى حنبولي,Michelle Harvey,آل الشيخ LLC,3.468452463796401,3070.0472100994944,Under Review,Mortgage,Major everyone modern wide city. Huge mention whom. Administration key person country recently identify.
141,75,Rent,73572,2023-09-21,Marcus Forbes,هيا المهيدب,الأستاذ روحي بقشان,"آل بن ظافر, الراشد and آل صفوان",3.981976848494687,3483.5122670654796,Completed,Cheque,"Qui consequatur consequuntur. Mollitia occaecati aspernatur pariatur nam. Velit hic possimus harum laudantium incidunt.
Nisi sunt reiciendis sint ut. Nemo voluptatum temporibus iure id tempore."
142,133,Lease,59697,2025-04-13,Daniel Bryant,Kyle Santana,Robin Stanley,الدباغ-العقيل,3.7727671938691056,2044.6080711810282,Pending,Cheque,"Republican side popular election seven difficult. Stock key record early good win customer explain.
Provide best indicate chance blue debate. North long those experience. Rise media training."
143,355,Assignment,59569,2025-02-25,حنبل آل عايض,Judy Payne,المهندسة جودي الحكير,Schneider-Simon,4.2225212255326605,1853.3895612687552,Cancelled,Bank Transfer,Source require store story least imagine. Time follow born executive mission teach quickly energy.
144,142,Sublease,189689,2025-06-15,ياسمين آل عواض,باهرة آل قصير,المهندس عبد الباقي بن لادن,"آل العسكري, آل حسين and آل بن لافي",4.673460637218645,4842.8628825771275,Under Review,Cash,"Quia eos vitae repellat ipsa unde voluptas. Atque consectetur sed expedita porro excepturi tenetur.
Autem minima ducimus modi a. Minus esse accusamus fugiat totam nulla aperiam."
145,47,Rent,127752,2025-07-13,Nancy Sanchez,John Williams,الآنسة إخلاص آل حسين,Warner-Torres,3.8166187407694627,3994.050398052407,Completed,Cash,None health support take. Else short team painting by necessary. Difference police budget summer ball some improve.
146,400,Rent,197860,2024-01-12,Timothy Hayes,لبيب الدباغ,Shannon Hernandez,آل صفوان Inc,2.488277755521672,4762.074074940076,Completed,Bank Transfer,Choice our conference letter boy professional tonight seek. Defense court white information.
147,472,Sublease,94237,2023-09-05,Erika Johnson,Edward Davis,Eric Bullock,آل عايض-آل صفوان,4.236371606838171,2619.2884569892353,Pending,Cash,"Contain reduce paper generation. Member great treatment effect morning most up plant.
Alone enter more so. Party address perform operation development professor."
148,147,Sublease,73120,2024-01-08,المهندسة لاما الجفالي,عالم آل خضير,Jamie Armstrong,كانو-أبا الخيل,2.1333916871988627,3383.3412000949115,Pending,Cash,"Person push let current. Many cut miss left your more.
Experience cup need many.
Fill tree reach.
Win wear car. Interview itself station case ever with."
149,385,Assignment,58969,2024-07-16,المهندس ودود بن لادن,Amanda Collins,Wayne Parker,"George, Robles and Caldwell",4.970530827302387,1192.8445454243488,Pending,Mortgage,"Vero ut aut illo. Dicta eum tempore.
Maxime aperiam dignissimos quibusdam. Ducimus est modi. Culpa nostrum minima eos dolore fugiat."
150,41,Lease,177032,2023-11-03,المهندسة أسيل آل مقطة,الدكتورة هاجر آل جعفر,Megan Luna,Campbell-Vargas,3.315162848410718,8613.78062206514,Cancelled,Cash,"Would well evidence reveal begin. Cause close billion great cause tax easy.
None television call common new cold stage. Degree why name heavy although."
151,410,Rent,50939,2024-05-07,ترانيم آل عايض,Jordan Olson,سجا الراشد,Martinez PLC,2.3153313045925836,1230.5468038358654,Completed,Mortgage,Corporis cupiditate eaque vero. Commodi hic soluta fuga quae ab fugit.
152,372,Lease,120853,2023-10-15,فاضل العقيل,ألين آل علي,Victoria Walker,Baker-Barron,4.337104594473467,4150.438768819065,Cancelled,Cash,"System speech inside future foreign never activity Congress. Adult leave themselves can long. Recently modern husband fill trade town.
Act soon pull color beautiful book result."
153,345,Sublease,83411,2024-07-31,Richard Sellers,ضياء المشاولة,Jasmin Allen,بقشان Inc,3.5873663252451453,2546.5973567080882,Pending,Mortgage,Tempora quos corrupti repellat numquam harum. Ratione nobis hic beatae. Placeat excepturi eveniet libero. Cupiditate labore quasi sapiente eum repudiandae.
154,452,Assignment,76867,2025-08-12,فاضل بقشان,Kristin Brown,الآنسة إباء كانو,"آل جعفر, الخرافي and آل عواض",3.793458746052938,1991.094980173154,Under Review,Cheque,"Certainly if thousand check operation. Move take eat recent.
Prevent rule certainly election eye. Night whatever catch recognize enough statement. Already city evening long you."
155,349,Lease,164975,2024-01-25,جدير المشاولة,سبأ العجلان,Cody Lucas,"Lamb, Griffith and Collins",2.0364686465167505,6737.3892257189045,Completed,Bank Transfer,"Wind structure high feeling laugh. Any figure direction.
From democratic modern board establish.
General picture become example. Body alone plant work turn option subject."
156,418,Sale,1781141,2024-02-21,Erik Brown,المهندس حمّاد الجفالي,Amy Lawson,Davis Ltd,3.6210609622534538,59762.07982770262,Pending,Bank Transfer,"Eos itaque veritatis. Vel consequuntur eveniet occaecati. Praesentium illo consectetur sint cum.
Dolor perspiciatis pariatur cupiditate ipsa amet maiores. Nemo eligendi velit accusamus ea."
157,176,Assignment,136668,2025-04-09,السيدة حلا الدباغ,Jennifer Watson,Christina Wagner,Washington Inc,2.7776069428207255,4643.720250406165,Pending,Mortgage,"Everyone bad car off nature police herself. Research yard because radio particularly.
Three positive feeling such. Get painting garden so first so."
158,11,Assignment,195794,2025-08-11,المهندسة يسرى آل خضير,السيد حمّاد آل العسكري,Gregg Shea,العقيل PLC,3.7354520465936347,4833.751592312079,Under Review,Bank Transfer,"Oil office forget work sit news day.
Natural heavy wish provide expert rest student firm.
Beyond evidence little style different buy a. Product table floor relate agency."
159,32,Sale,10156569,2024-11-29,Randy Hardin,Shannon Owens,السيد ميثاق العليان,"الدباغ, مهنا and آل العسكري",2.0233992921946027,261008.7393270209,Completed,Cheque,"Phone out education base somebody make building. Now can on help at central provide. Drug participant fact in where.
Everyone own also woman issue win. Cup yard executive market college foot hope."
160,53,Sublease,54516,2025-04-10,Linda Torres,الأستاذة ريما آل بن لافي,هيمان أبو داوود,آل بن ظافر-الشايع,2.06955846610996,1525.6272695354373,Pending,Mortgage,"Hic itaque tempore iure. Minima natus sunt iure. Aut maiores nostrum ex similique.
Impedit minima illo."
161,27,Assignment,95363,2024-09-20,Lisa Ferguson,بلسم الدباغ,بنان العقيل,Lawson and Sons,2.373551644791516,2102.177476831776,Pending,Bank Transfer,"Much office free law prepare. Them far campaign above.
Voice land as police training language get. Property along big stop leg. General how interesting mother onto believe line want."
162,192,Assignment,148985,2024-08-21,Jennifer Shelton,ضياء آل معيض,الأستاذ شجاع آل صفوان,"مهنا, الشايع and الراشد",2.5611148063240217,5944.640401632271,Completed,Mortgage,Culpa aliquam eius explicabo. Quam qui pariatur praesentium aliquid ut at hic. Accusamus dolorem soluta nobis illo.
163,113,Sale,2396108,2024-08-13,سلسبيل حنبولي,نزيه آل خضير,Henry Davis,آل حسين Group,3.332037571575698,107542.42543374375,Under Review,Mortgage,"Perferendis libero rem vel reiciendis quaerat soluta. Aperiam perferendis at deleniti cumque temporibus.
Eius sapiente accusamus esse iure."
164,452,Sublease,72510,2024-11-21,شهم آل سلطان,John Hudson MD,عفيف الشايع,Mcclure-Grant,3.5804987895299507,2158.145215019362,Completed,Cheque,"Sit iste atque commodi recusandae facere. Beatae minus natus reprehenderit.
Tenetur deleniti et iste. Itaque numquam dignissimos rerum non."
165,404,Sublease,123981,2025-04-29,ناجح الخرافي,Mr. Richard Barrera Jr.,جودي العجلان,Hoffman-Cohen,3.9441561947632087,3604.706345044728,Pending,Cash,"On prepare current. Stage need quite here reflect risk.
Society bad recent education threat phone behind. Hospital believe personal term."
166,472,Sublease,52419,2025-05-08,الأستاذ رحيب حنبولي,Dennis Bullock,ميار كانو,"Lewis, Wright and Johnson",4.136066275507796,2371.885666695042,Completed,Cash,"Respond human marriage bar. Significant pick stop research. Machine play strategy southern region.
Own character trip staff. Concern your shoulder."
167,210,Sublease,112007,2024-05-24,مرعي آل معيض,فتوح المهيدب,السيدة راما العليان,"آل عواض, آل بن لافي and المغاولة",3.686834377179689,4156.176881105808,Pending,Bank Transfer,Laudantium quod id distinctio a voluptas. Cumque quisquam magni fuga omnis sunt aspernatur. Eveniet praesentium perferendis sint.
168,19,Lease,144246,2025-06-11,Kathleen Watts,Anne Hopkins,محسن المهنا,آل بن ظافر LLC,3.4621851240520023,5408.6344409247795,Completed,Cash,"Both hot administration tree. Rather begin month garden.
Card person watch painting answer make. Detail exactly nearly."
169,231,Assignment,111073,2025-01-17,الآنسة وفاء آل عواض,عزاز آل سعود,الأستاذ مسعود الشايع,Frazier-Nguyen,2.880820788518183,4805.033680935789,Under Review,Cheque,Laugh feel fish style environmental wait official. Discover physical expect exactly candidate. Week some treat see effort future.
170,32,Sale,6943049,2025-08-05,الأستاذ عبد الشّكور بقشان,Daniel Zuniga,السيدة هناء الخرافي,Carter LLC,4.488928647363027,344571.9303022063,Under Review,Cheque,Id accusamus adipisci eum nulla non. Ratione fugiat quasi temporibus dignissimos asperiores porro. Dolor accusantium dignissimos in. Maxime possimus quam officia recusandae.
171,225,Sublease,82023,2025-04-11,Christina Evans,Becky Mendez,Robert Williams,آل رفيع and Sons,4.868735488251081,1953.137695310411,Completed,Bank Transfer,Identify drive stand fear blue fight change. Let page local glass himself street. Cold scene rich somebody establish exactly worry.
172,462,Sale,2941610,2024-07-30,مادلين آل العسكري,Angela Frazier,Timothy Campbell,Harris Group,3.90045954860794,65561.72057664495,Under Review,Cash,"Similique id recusandae eos nemo. Facere sed asperiores corrupti.
Laudantium neque in dolores. Expedita exercitationem doloremque in. Quisquam perspiciatis commodi rerum veritatis nulla recusandae."
173,245,Rent,77588,2024-05-11,حياة بن لادن,Kimberly Walker,Joshua Taylor,"شربتلي, فصيل and آل صفوان",4.666118265417699,1954.2443520412367,Completed,Mortgage,"Project else see probably under. Threat wish marriage each along politics.
Building now hand can make rich risk. Know so look hit woman put offer. Radio night never box."
174,305,Rent,189362,2025-02-02,John Schroeder,Tanya Levine,Alexandra Austin,Williams Ltd,2.7569626319041447,7675.232171737013,Under Review,Cash,Suscipit eligendi quam suscipit occaecati quam. Adipisci labore ad amet iure modi. Nisi tempora odit in.
175,103,Assignment,196641,2024-07-07,السيد محمود آل سعود,مدحت المهنا,المهندس حميد المهنا,Thomas PLC,2.6988876309784473,8081.629279447477,Under Review,Cash,Est culpa non perferendis impedit temporibus. Deleniti dolore nulla qui aut.
176,215,Sale,8337044,2023-12-23,جيلان المشاولة,Luke Jackson,Hunter Mcmillan,Sullivan-Tucker,3.3147492551818902,371778.9627008376,Pending,Cheque,"Second return before deep program support. Artist party main way. List sometimes country discover fine. Try because smile.
Evidence structure design lead history. Imagine trial wear cold."
177,138,Rent,118394,2025-06-07,سنام آل سعود,المهندسة زهرة آل معيض,الدكتورة راما العقيل,"Ferrell, Thompson and Bradford",3.007787501763854,2621.7092577451576,Completed,Bank Transfer,However fear argue dream news. Ability land growth recognize happen. Benefit value food possible service indicate boy strong.
178,224,Lease,123862,2025-06-03,رخاء آل حسين,Alice Miles,السيد عبد الرّؤوف حنبولي,"آل صفوان, آل خضير and شربتلي",4.672061418775188,5596.121724415116,Completed,Mortgage,"This fall pay important yet less pressure. Return summer hard. When actually however employee difficult.
Fill let a interview. Girl list word determine country."
179,213,Rent,150342,2024-04-24,Donna Vargas,Theresa Carson,Jamie Hall,"Martinez, Taylor and Nelson",4.661801385212995,6276.9541566451135,Completed,Cash,Ducimus odio dolore veritatis. Numquam reiciendis eius atque corporis possimus. Expedita deleniti cupiditate magnam beatae.
180,173,Rent,145683,2023-09-19,مجاهد المهيدب,الأستاذ مُنذر آل سعود,سلسبيل آل خضير,"آل بن لافي, العجلان and آل عواض",3.6046550073944896,5278.143124917356,Under Review,Mortgage,Blood likely be student build. Order whose role raise own result. Nice collection total toward.
181,29,Assignment,166719,2024-03-09,الدكتور رمزي الحكير,Sharon Spencer,Sandra Ortiz,"Johnson, Page and Walker",4.520815552806189,5265.085454461662,Under Review,Cash,"Repellendus occaecati culpa quod provident. Quae recusandae nulla dicta.
Dolorum alias fugiat quidem vel quod. Autem porro est. Cumque maxime sequi tempora reprehenderit."
182,279,Lease,153551,2024-07-27,Michael Kelly,صالح بن لادن,Mary Aguilar,Smith-Romero,3.799465091104343,4922.9080618787,Completed,Cash,"Fly miss serve just two. Attorney serious whole reduce pay trouble heart all.
Partner certain arm although those chance. Smile well play but during. Eye unit quality soon project."
183,94,Lease,70348,2024-01-28,حسن الجابر,Norman Kelly,اعتماد فصيل,آل سلطان PLC,3.224905142812592,1998.1710783455517,Cancelled,Mortgage,"Consectetur sunt quidem impedit rem tempora. Magni dolorum repudiandae reprehenderit aspernatur mollitia praesentium quae.
Quisquam fugiat nemo aspernatur error dolor."
184,46,Rent,109223,2024-09-13,Dawn Walker,هدى الحكير,صنديد آل محمد بن علي بن جماز,آل عواض-شربتلي,2.546277058581541,5010.538386011401,Pending,Cheque,"Economy attack more father attention bill together. However receive short morning from often.
Strong draw stage drive yes almost whom. Sign blue respond TV couple. Read race west computer within."
185,402,Sale,6974686,2025-02-06,خاطر آل رفيع,Tiffany Olson,الآنسة يارا الحجار,بقشان PLC,3.5619480739270015,171976.84002104073,Under Review,Cash,"Beatae commodi dicta. Eaque mollitia eligendi. Odit consectetur deserunt quasi animi mollitia.
A possimus vitae ea eius natus. Debitis voluptates id. Delectus dolorum quis velit."
186,498,Sale,7142695,2025-02-14,Jamie Barnett,Jason Short,ليان آل بن لافي,Thompson-Pennington,3.7475212992135805,268809.55751548556,Under Review,Cheque,"Politics particular media always concern.
Decide marriage ever education near. Author hear agreement on remain game over detail. Son worker participant really adult space try."
187,285,Sale,5573360,2025-01-11,حلا كانو,عابد بن لادن,Steven Gardner,"Johnson, Mueller and Riley",3.4269379612829383,190317.30685372502,Cancelled,Cash,"Quisquam excepturi recusandae.
Aperiam voluptatibus quia earum nobis. Repellat odit consequatur eaque possimus voluptate praesentium."
188,209,Sale,6558424,2024-02-04,Tracy Mcdonald,الأستاذ صافي المشاولة,سيّد الحجار,آل بن ظافر-بقشان,2.1804885353158383,200845.7915818491,Pending,Cash,Card cover item operation task. Data quality own family energy policy summer. Wall anything quite make military available others.
189,130,Lease,93524,2024-11-01,الدكتورة جهراء بقشان,السيد قدري آل محمد بن علي بن جماز,Jose Cline,"George, Cruz and Gallagher",2.304805076727051,2825.0132604016458,Under Review,Cash,"Within writer reality night wonder thus need reveal. Share entire surface add.
Run morning after third knowledge employee. Course cell artist paper."
190,476,Sublease,141894,2024-01-20,Tracey Duncan,حليم آل بن ظافر,الأستاذة ميرال أبو داوود,Snyder Inc,4.095551504066666,4910.546888063081,Under Review,Cheque,Et sequi tempore perferendis animi doloremque. Dolor cum dolore ullam. Sit veniam voluptatibus praesentium sed eius alias soluta.
191,314,Rent,148078,2024-07-17,Nathan Smith,منتصر العقيل,Kathleen Mason,Brown Group,4.32854497395742,6513.213544640813,Cancelled,Cash,Past situation around large drive specific official. Investment long citizen turn thus material. Floor wall contain allow two prepare. Wear leg sign offer trade behavior husband.
192,207,Sale,5819633,2025-04-06,جود بقشان,Alexander Walsh,Amanda Thornton,آل بن لافي LLC,3.885480126913813,256697.5150797178,Under Review,Mortgage,It time medical about. Any fire against guess American its speak.
193,479,Assignment,175161,2024-02-25,ناردين الخرافي,Dustin Levy,Joseph Allen,"آل محمد بن علي بن جماز, آل بن ظافر and آل مقطة",3.6820323135279187,5167.036897980392,Under Review,Bank Transfer,"Perspiciatis porro nostrum fugiat debitis. Possimus cumque recusandae provident temporibus consequuntur minus.
Minus aliquid nam eaque in nemo. Tenetur facilis dolorem aspernatur."
194,141,Lease,141523,2025-06-05,Candice Hardin,الأستاذة دعاء بقشان,Jonathan Ruiz,"آل عطفة, آل بن لافي and آل عواض",3.807302489280553,5816.493708846795,Cancelled,Bank Transfer,Qui nemo quo ullam repellendus perferendis. Dolorem nihil iste corrupti qui quisquam quisquam. Laborum perspiciatis atque delectus enim omnis libero.
195,355,Lease,165489,2025-02-08,Dean Paul,ناعم آل عطفة,الآنسة لاما آل العسكري,فصيل-آل محمد بن علي بن جماز,3.9611861353146196,3697.844008446061,Under Review,Mortgage,"Gun laugh question painting yet. Artist Republican responsibility however. Sign anyone level seem get above enjoy.
Another person forward cause. Discover certain young popular trade."
196,257,Sublease,124947,2023-10-01,حلا آل سعود,Jose Fox,Jeffrey Jones,آل عايض PLC,4.59557565660498,4267.433685372042,Pending,Cheque,Pariatur necessitatibus molestias praesentium voluptates eaque. Omnis repudiandae cum autem laudantium rem nisi. Impedit et perferendis modi.
197,164,Sale,2375837,2024-09-10,Daniel Shields,المهندس طائل آل الشيخ,Angela Garcia,"الدباغ, أبو داوود and آل صفوان",4.08481759277443,60728.46056165004,Under Review,Mortgage,"Why summer tough ok scene since government your.
Family few account shake. Popular rule into its. Mrs ground together down cause. Cover daughter study create."
198,280,Sale,5944746,2024-04-20,داني أبو داوود,Eric Mclaughlin,Mary Jenkins,Williams-Howell,4.302506968701945,214384.07785715457,Pending,Cheque,"Member black majority.
Drug responsibility method parent.
Appear world cold. Shoulder example partner big less around tough."
199,400,Sale,5821294,2023-10-13,نوف آل عواض,Daniel Valdez,ماذى آل مقطة,آل عواض-فصيل,2.172359428046117,136302.45197462442,Cancelled,Cheque,"Eight foreign Mrs put well set cell change. Rule administration word. Include fire argue figure development.
Size argue hold account at share suffer. Usually black development."
200,352,Lease,121465,2024-10-13,الدكتور رمحي مهنا,Carol Vazquez,رائف آل بن لافي,Jacobs PLC,4.371155730973127,2976.621391784155,Under Review,Mortgage,Molestiae magnam blanditiis voluptates doloribus minus deserunt. Occaecati voluptas laudantium voluptatem.
201,459,Lease,72408,2023-11-02,Aaron Sanders,ريتال الدباغ,الدكتور محمود حجار,آل بن لافي-العقيل,3.205409744598401,3384.0706649869253,Cancelled,Cheque,"Incidunt impedit aliquid aliquid molestiae quos.
Labore enim accusantium quidem. Dolor error ipsum laboriosam laudantium architecto corrupti. Quisquam rem repellat facere."
202,277,Rent,159351,2024-02-01,إباء آل معيض,السيد رهيف حجار,الدكتورة جوانا آل جعفر,Berg-Bell,3.2572118823275558,6342.620685309473,Under Review,Cheque,"Interest rest factor chance health hospital minute. Provide certainly several thank color. Pm body truth detail.
Country all what feel war. Until radio town too even away."
203,353,Lease,186893,2025-02-06,Dr. Thomas Garcia Jr.,إلينا أبا الخيل,الآنسة دعاء آل معيض,Gonzales PLC,4.118064816054842,5526.545979983979,Under Review,Cash,"Away personal receive. Present food throw significant bank treatment left own. Heavy main nice discussion.
Board decide author skin attention before. Beyond support weight."
204,123,Lease,62907,2024-04-09,المهندس عاتب المغاولة,عبد الصّمد آل الشيخ,Stephanie Obrien,Freeman-Pham,2.527975866403991,2651.6480957470085,Pending,Bank Transfer,"Provident asperiores quo cupiditate. Doloribus voluptatem impedit corrupti expedita consequuntur excepturi.
Alias incidunt praesentium nemo. Omnis quidem aspernatur quo quibusdam."
205,211,Sublease,160100,2023-10-13,John Jenkins,David Bryant,Kathryn Ayers,"آل عواض, فصيل and حنبولي",4.847434742320615,5035.640901221662,Completed,Cash,"North order interest event radio pressure data. Information case player prevent my career step. Defense head race program reason morning issue.
Save garden join appear ahead. Beyond charge feel."
206,77,Assignment,91211,2024-04-27,Shelley Walker,Chelsea Johnson,Thomas Salinas,King Ltd,2.5799606215612045,4220.0312251373625,Completed,Mortgage,Distinctio corrupti aut et assumenda quae. Alias possimus nesciunt itaque iure assumenda quibusdam. Exercitationem provident similique architecto ex.
207,325,Lease,77956,2025-08-16,طلال آل عطفة,Robert Johnson,الآنسة افتكار أبا الخيل,حنبولي PLC,4.695928459832132,2031.3858132461407,Cancelled,Cash,Across week organization spend agree woman bring. Born full product forget girl available century. Thing certain receive owner.
208,453,Sublease,69211,2025-02-13,Heather Dean,James Garner,Alice Johnson,"Stephenson, Young and Salinas",2.3837292135918515,2580.8961859588926,Pending,Mortgage,"Stage amount figure know Republican born worry. Account TV might scene word.
Recently boy property site follow on."
209,488,Sublease,175440,2025-06-04,Kelsey Stewart,عبد الرّشيد الحجار,Michael Davis,"Pineda, Stephenson and Fitzgerald",2.3308153021460356,6759.375427561723,Pending,Cash,"Property home writer real organization everything popular relationship. Help land something time account its. Student where few analysis seven.
Firm material blood. Increase for future."
210,330,Assignment,181262,2024-07-06,المهندس فهد العجلان,Matthew Petersen,الدكتورة بهاء الشايع,"كانو, الحجار and أبو داوود",2.9505129418456475,5536.5519022256785,Under Review,Bank Transfer,"Figure social effort again soldier thought. They policy here voice trial those as.
Bar yourself mission. Alone time traditional media live organization. Later cell recognize agree."
211,491,Assignment,151412,2025-08-13,Tommy Simmons,Elizabeth Duran,لانا آل معيض,العليان Ltd,3.3967041410410386,5197.3597255351,Pending,Bank Transfer,Illum facilis explicabo optio voluptates voluptatum tenetur. Dolore excepturi voluptates labore tenetur. Ab nobis quidem atque laborum. Neque tempora minus molestiae ducimus nobis.
212,457,Sublease,67229,2024-02-26,Hannah Martin,مرتجي شربتلي,الآنسة ريان بقشان,Melendez-Bonilla,3.224196594854841,1619.3262166594786,Pending,Bank Transfer,Facere vero doloremque pariatur assumenda eum. Exercitationem reiciendis inventore a placeat deserunt. Placeat ex voluptate fuga hic.
213,180,Assignment,106538,2023-10-12,المهندسة تمام آل علي,Tyrone Rodriguez,Philip Solomon,Fry PLC,4.94429990614648,3629.2152388885174,Completed,Bank Transfer,"National particular never protect move. Mrs audience race get field be official. Where resource TV admit.
Able moment soon deep toward. Remember control more. Key accept represent."
214,36,Sale,1076203,2024-01-31,Jonathan Perry,Vickie Gomez,Jill Schultz,Austin Inc,2.542857340517071,47395.3128846616,Cancelled,Cash,"Heart believe game. Worry measure might term color.
Road turn others three natural look as."
215,461,Sublease,196646,2024-07-23,Jessica Tate,Michael Ford,الأستاذ علوان المغاولة,"آل صفوان, آل علي and بن لادن",3.307885808525949,7973.673285778586,Pending,Cheque,Illum neque sapiente laborum. Placeat eius suscipit commodi cum asperiores esse laborum.
216,409,Lease,145580,2023-09-09,سعد آل عطفة,Travis Moore,Joseph Hudson,Garcia and Sons,2.4020056182127467,3489.1420319826752,Completed,Mortgage,Without until economy interview tax television painting. Less school trip herself blue. Affect total wait too partner suffer. Recent these difference kind good help.
217,86,Lease,176529,2023-09-02,Mary Brooks,الأستاذة سبأ المغاولة,Kelly Thompson,"العليان, آل عايض and آل بن ظافر",3.8364451686460406,7298.156181153594,Cancelled,Bank Transfer,"Mrs staff magazine interview.
About left say us window. Successful federal question.
Answer color meeting away more bill. American understand within seat method pattern."
218,134,Sale,10739504,2024-07-27,راما الراشد,Dalton Jones,Angel Avery,"Rogers, Pope and Rodriguez",2.5114859709979465,226110.29345244198,Pending,Cheque,Draw clearly accept nearly growth article movie. At account environment subject.
219,80,Rent,56325,2024-10-19,الدكتورة غيداء حجار,Nancy Mcgee,Lori Mccormick,"الجفالي, آل قصير and الجابر",4.8267403818059735,1505.1464343524046,Cancelled,Mortgage,"Aliquam fugiat veniam porro. Id labore aliquid nihil eligendi. Incidunt porro tempora reprehenderit mollitia.
Fugiat soluta beatae eveniet minus est."
220,413,Lease,58150,2025-07-11,الأستاذ صعب المشاولة,Philip Price,حياة آل الشيخ,Fletcher PLC,3.050821980908362,2247.408743316499,Cancelled,Cheque,Use why become against pass evidence agency. Next water general wonder fast wide forget between. Whose song bank system.
221,396,Rent,90354,2025-08-20,Anna Villanueva,Brandy Bradley,راشد أبا الخيل,الجفالي Group,4.367777036517253,1825.0698871425752,Cancelled,Cash,"Local various actually free through indeed. Trade camera conference must civil his.
Anyone phone education I. Politics part across. Them stage drop away party best light."
222,103,Rent,70975,2025-06-18,Lauren Duran,هايدي العجلان,Brittany Brown,آل عطفة-آل عايض,2.204414409985529,2453.1997068881656,Cancelled,Cash,"Veniam dolor mollitia voluptates omnis atque vel libero. Iusto quia modi modi.
Dolore neque facilis dolore nostrum ipsam. Exercitationem dolor magnam illum."
223,255,Lease,75314,2025-01-17,السيد روحي العجلان,Mary Mercado DDS,الأستاذة مادلين آل عطفة,Rangel LLC,4.12160325506615,3188.279069106648,Completed,Cheque,"High also several modern. Score thus within same. Hot born past public free item.
Method several perhaps trade blue senior training. Eight professor magazine voice. Federal environmental learn own."
224,499,Sale,7048808,2024-02-08,Isaac Goodwin,Stephanie Dunn,Dr. Kayla Rodriguez,المهنا PLC,2.50248762515012,200764.9802851449,Under Review,Bank Transfer,"Tempora animi labore accusamus cupiditate ipsa ipsa cupiditate. Nostrum doloribus exercitationem laborum rerum laboriosam.
Saepe sint minima beatae sunt. Delectus voluptatum magni harum."
225,8,Assignment,173614,2025-04-17,تمام آل قصير,Natasha Graham,المهندس يعرب أبا الخيل,Williams-Peters,4.744689770409991,5533.256171482489,Cancelled,Cheque,Recusandae officiis harum debitis consequatur consequatur optio amet. Aliquam architecto nulla facilis quos deleniti. Atque asperiores architecto odit.
226,37,Assignment,163331,2024-08-30,Laurie Smith,الأستاذ معين كانو,Sean Webb,الدباغ-آل معيض,2.4306785062830345,5242.660854028678,Cancelled,Mortgage,"Reiciendis eius in quam eius. Autem eligendi atque neque voluptatem adipisci at.
Dolorem minima sunt nihil. Tenetur fugit ex perspiciatis eveniet placeat. In temporibus sint voluptate asperiores."
227,191,Assignment,73481,2024-05-05,ترف آل صفوان,الدكتور نضال بن لادن,الدكتور غامد الدباغ,Allen-Massey,2.6035458440279338,2569.118118054194,Cancelled,Bank Transfer,"Libero vitae aspernatur commodi voluptatibus ex. Maxime beatae aliquid.
Deleniti voluptate maiores.
Enim asperiores consectetur porro consequatur. Modi delectus illo ab."
228,372,Rent,169478,2023-11-16,ريناد الشايع,Victoria Webb,Nicole Bryan,"Davila, Owens and Sutton",4.490207725800386,4310.256409263195,Under Review,Cash,"Source agree moment shake. Wide western difference well field.
Serious pick themselves Democrat effort record camera discussion. According floor guy carry."
229,241,Sale,896948,2023-09-22,Allen Harris,ميرا العليان,Marc Miller,Nielsen PLC,3.943177087360711,41632.28954520315,Under Review,Mortgage,"Exercitationem vel a. Esse maxime voluptatem. Rerum expedita odio. Incidunt a deserunt et voluptatum assumenda.
Placeat veritatis eveniet molestiae corporis autem. Dolore ad velit ipsum."
230,246,Lease,105549,2024-05-10,Laurie Berg,السيد كليم بن لادن,Steven Lester,الحجار-الجفالي,2.1330553445330107,4983.19696296488,Cancelled,Cash,"Describe generation play tell market pick. Scene lead message thank. Size hair official push half trouble car.
Eye win hear chance car. Keep music lead the party himself."
231,458,Assignment,197748,2024-01-24,نوف آل بن ظافر,الأستاذة ضحى آل بن لافي,الدكتورة ابتهال آل سعود,"Benson, Rodriguez and Nguyen",2.620130245037485,8625.377136992336,Completed,Cheque,Admit law accept. Mean call old process indicate hit.
232,51,Sublease,72924,2025-06-24,الدكتور زايد آل بن ظافر,Michael Higgins,Michele Wilson,"بقشان, آل سعود and الدباغ",4.940152570146706,1486.9253702502199,Pending,Cash,"Consectetur officia architecto veniam vero eaque. Nihil natus deleniti eaque sapiente ab. Dignissimos esse ratione.
Earum doloremque rerum esse. Voluptates aut ratione necessitatibus."
233,303,Sublease,94354,2025-05-23,جوان فصيل,Breanna Schwartz,الدكتورة جلنار فصيل,"Lopez, Johnson and Gillespie",4.610908890297235,4406.14349345021,Under Review,Cash,Totam ipsum quod vel enim ullam laudantium. Animi dignissimos reprehenderit et rerum suscipit consequatur.
234,430,Assignment,117104,2023-09-29,عصمت العقيل,عائد آل محمد بن علي بن جماز,Erica Garcia,المهنا and Sons,2.0961467854270257,3827.1721057800123,Completed,Mortgage,Saepe minima molestiae ullam laudantium nihil. Quis assumenda sed tenetur tempore impedit ipsum est.
235,121,Sale,1718381,2024-06-21,المهندس كنان الدباغ,James Simon,Brian Freeman,Smith Group,2.8810321213623205,73460.53553561063,Pending,Bank Transfer,Those first attack practice doctor service. Perform wonder box return itself. Address method major grow weight participant.
236,408,Sale,11826564,2025-01-13,شامخ كانو,المهندس حنبل آل علي,Gregory Jones,آل عطفة-آل عواض,4.6494447325872015,516939.70112546574,Completed,Cheque,Aperiam iure delectus modi facere veritatis. Voluptatibus et reiciendis suscipit. Temporibus dolore quia quaerat repellendus.
237,396,Sale,8325472,2023-10-03,Mrs. Tiffany Scott DDS,الأستاذة ناديه أبا الخيل,زكية الراشد,Yates-Weber,3.573329036252859,246366.01317013692,Pending,Mortgage,Animi nulla atque neque soluta doloribus. Autem minus quisquam optio explicabo quam rem aliquid. Dolores similique incidunt fuga.
238,24,Sale,5791276,2024-08-29,جوانا آل بن ظافر,فارس الخرافي,المهندس خليفة آل الشيخ,شربتلي LLC,2.4221374737027923,204265.19078543023,Under Review,Cheque,"Short contain cold quickly family.
Prepare those none my same. Fish TV hit research care list television. Her lay environment Republican contain hold gun."
239,303,Rent,149449,2024-05-26,يانع فصيل,تمّام آل معيض,Jake Molina,"آل حسين, آل علي and فصيل",2.5706430017634534,6449.882643425326,Under Review,Cash,"Nearly himself allow general success. Huge paper manage two.
Friend sign gun body. Heavy surface military able condition. Policy action professional develop low culture. Stuff ball Mr him take."
240,325,Lease,109594,2024-09-28,كوثر الراشد,عرفات كانو,مُنجد الحكير,المغاولة-آل معيض,2.9817349240156803,4833.508689818381,Cancelled,Cheque,"Molestias dolores amet nisi iure. Fugit deleniti cum minus nihil at illo iure. Et pariatur eos consectetur aliquam a.
Sint blanditiis asperiores laborum. Ut itaque ullam deleniti odit."
241,231,Assignment,189347,2025-07-31,زبير آل قصير,تاج حجار,المهندس ضيائي فصيل,"آل رفيع, المشاولة and آل بن لافي",4.496085818923188,5169.3285123032265,Under Review,Cash,"Right drug out she feel director natural.
Pay worry husband picture character reality. Sea movie able kitchen under word reflect. Wish government push."
242,77,Sublease,147928,2024-08-10,أريج آل حسين,Morgan Dunn,Andre Cox,"آل رفيع, آل رفيع and آل عايض",4.039041367075407,6214.085982150717,Pending,Bank Transfer,"Placeat asperiores repellat tenetur. Quia eligendi ducimus.
Dignissimos error quasi commodi repellendus. A accusantium quaerat explicabo."
243,7,Sale,7495337,2023-09-23,Ryan Moore,السيد ناظم آل رفيع,Heather Charles,Scott and Sons,3.9387847165156837,217870.20525529547,Pending,Cash,"Nor million avoid important head item walk away. Scene best movie. Dog maybe successful science major data religious.
Often table perform drug grow. Build father today."
244,203,Assignment,65010,2025-03-18,Dr. Brittany Morris,Joe Rodriguez,زكي فصيل,"المشاولة, المهيدب and حنبولي",2.16427158001649,1323.8161678571696,Under Review,Cheque,Eveniet quasi rerum necessitatibus quisquam reiciendis dolorum. Beatae rerum veritatis illo veniam architecto. Mollitia sint accusantium at a quod nam.
245,62,Sublease,149820,2024-01-06,Margaret Williams,السيدة جود المهنا,جواهر المهنا,آل خضير Group,3.2481116071900153,7439.292440743203,Pending,Bank Transfer,"Quis qui libero quidem consequatur. Molestiae explicabo quam tempore.
Accusamus praesentium eos. Velit explicabo velit iusto perferendis."
246,497,Sale,1634016,2025-08-15,Crystal Santos,Brandon Martin,زياد الخرافي,"Davis, Rodriguez and Mack",4.327473345250951,46786.57888977174,Pending,Cash,Ex iusto ab neque rem harum quod. Tempora optio optio inventore. Explicabo dolores iusto possimus magnam.
247,334,Assignment,69966,2023-12-06,Amy Hernandez,Jeremy Simpson,Kayla Buckley,آل محمد بن علي بن جماز-المهنا,2.515239987847943,3159.44110884986,Under Review,Mortgage,Consectetur temporibus nisi blanditiis inventore magni aspernatur. Non fugit ducimus tenetur deserunt. Laborum rerum dolores corrupti fugit id maxime sit.
248,94,Assignment,139817,2023-12-28,لورا المشاولة,الأستاذة بلماء المهيدب,الدكتورة جود آل عطفة,Knapp LLC,2.438608151365966,6884.63326238275,Pending,Cash,"Itaque recusandae harum. Excepturi nulla rem impedit error magni cumque.
Quas illo suscipit."
249,438,Lease,65776,2023-09-27,سديم الجفالي,السيدة وصاف الجابر,Victoria Burch,أبو داوود-حنبولي,3.7952944529654866,3023.3885704840895,Pending,Cash,"Dolorum cumque ducimus voluptatum perferendis.
Expedita quam quasi sapiente dolorum cupiditate rem. Quasi voluptates blanditiis deleniti. Modi architecto corporis rerum repudiandae adipisci veniam."
250,499,Assignment,86875,2025-03-30,April Ayers,لوليا آل الشيخ,بتلاء كانو,آل قصير-الخرافي,3.0679948790890794,3565.89660912328,Completed,Bank Transfer,Near run smile most build. Century my building candidate place generation shake.
251,498,Rent,157699,2024-03-26,أجوان المهنا,Carla Palmer,Anthony Decker Jr.,"حنبولي, الحجار and بن لادن",2.378408970714606,6842.335471268432,Pending,Bank Transfer,Fugiat provident ratione suscipit fugit. Dolores error cupiditate suscipit rerum. Nulla vel iusto aspernatur corrupti quidem iste.
252,6,Sale,11467001,2024-07-22,Susan Craig,سعيد بقشان,ضياء آل صفوان,Alvarado-Wilkins,2.6867344011803342,239667.44612517903,Completed,Bank Transfer,Repudiandae debitis libero. Veniam quibusdam quod accusantium delectus eligendi iste. Ea aspernatur debitis. Alias perspiciatis animi odio aliquam.
253,19,Rent,161396,2024-11-12,Brittany Terry,الدكتور شاطر المهنا,Brenda Herrera DVM,Moore and Sons,3.444217834362206,7948.082668293883,Completed,Cash,"Read place appear benefit commercial. Factor shoulder glass. Already identify source like believe.
Raise everybody rule police find far already. Finally grow after parent trial."
254,176,Assignment,127302,2024-05-18,Margaret Vazquez,لوليا المهنا,Joann Davis,آل بن ظافر-آل قصير,4.108319435586356,3834.1629434195197,Pending,Bank Transfer,Quasi dolore voluptatum sed. Delectus a blanditiis ab suscipit.
255,415,Assignment,138923,2025-06-18,Antonio Wells,الدكتور عقيل آل عواض,مقداد الراشد,Hayes and Sons,2.064140423772187,4074.390409738144,Under Review,Bank Transfer,Autem dignissimos explicabo suscipit fuga quia amet. Magnam et quisquam possimus. Nobis nesciunt magnam.
256,128,Sale,4511665,2024-04-27,Bobby Brown,المهندس عبد الحكيم آل خضير,بنان آل بن لافي,"Wilson, Jackson and Mcclure",4.575998147323899,110682.67167734496,Cancelled,Bank Transfer,Itself particular hour guy manage painting something. Between drop type stand war down she explain. Financial relationship moment.
257,24,Sublease,78661,2025-03-13,شدّاد أبو داوود,هيا أبو داوود,المهندسة بهاء آل مقطة,آل رفيع and Sons,2.111766145909459,2338.68971290215,Pending,Cheque,"Trip long degree production rich key. Really water environmental. Especially total federal toward never despite.
Participant modern cost. Operation rule think market audience involve notice."
258,99,Assignment,163417,2025-03-15,مُرسي المهنا,Ms. Stephanie Page,الدكتور ناجح الحجار,آل عطفة Inc,4.283552245502082,4837.036045094571,Pending,Cheque,"Vero assumenda necessitatibus voluptatum sint. Minima reiciendis dicta nulla delectus sapiente pariatur.
Modi laudantium temporibus at exercitationem."
259,287,Sale,11403417,2023-11-07,Kristin Tran,James Branch,المهندسة اعتكاف آل بن لافي,Gardner-Wallace,3.8765957095768435,362939.2664215762,Completed,Cheque,Natus ab provident corporis quis corrupti iusto. Officia debitis praesentium minima quis at consectetur voluptas.
260,492,Sale,3005891,2024-11-05,بنان مهنا,Colin Murray,السيد وجيه آل عطفة,Davidson and Sons,3.0273201463357697,85134.63236361956,Cancelled,Mortgage,Sit nemo odit. Pariatur laboriosam inventore maxime culpa aliquid iure. Asperiores distinctio nesciunt deleniti ducimus.
261,256,Sale,10725509,2023-12-28,Cynthia Flores,Michelle Collins,ترانيم حجار,آل خضير-بقشان,2.1229534774101038,413775.6371907341,Pending,Cash,"Who message change issue project give. Mention what summer seem time door.
Agent above watch during beautiful key. Foreign focus agree international."
262,159,Lease,120291,2023-10-24,ريم الحكير,هند بقشان,هناء أبا الخيل,Thompson LLC,2.3996192230377353,3091.288792390671,Completed,Mortgage,Week collection far politics audience expert sea. We wear million. Baby consider because. Identify use modern economic seat behavior decide century.
263,55,Lease,58761,2025-05-20,آلاء مهنا,Lisa Gordon,المهندسة أزهار أبو داوود,كانو and Sons,4.098367519087269,2213.168433848983,Pending,Bank Transfer,Quaerat animi sit. Voluptatibus molestias quisquam reprehenderit sit aliquid.
264,282,Sublease,149303,2024-06-18,السيد صخر آل الشيخ,عبد الرّشيد آل مقطة,Wesley Khan,آل العسكري-أبو داوود,2.05945708640575,7383.851105612517,Cancelled,Cash,Director audience else source attack play. Food carry stock. Sport window break page. Defense right close successful.
265,315,Sublease,172184,2024-10-03,ليساء آل مقطة,معتوق آل علي,حافظ بقشان,آل قصير Inc,2.6538090626090525,6112.305358092171,Under Review,Cash,"Hundred remember all fall teach garden ago. According sort evening which.
Main challenge doctor office street. Try American man daughter loss walk."
266,198,Rent,58217,2023-11-03,Mary Murphy,الدكتورة هدى آل عايض,Jason Jackson,"Harris, Adams and Brown",3.324496040285978,1683.2844304852213,Cancelled,Cheque,"Quae eius expedita quis delectus necessitatibus asperiores dolor. Nam ab odit nemo nostrum dolorum consequuntur sint. Dolorem id non at.
Ut quo dolorum architecto modi."
267,98,Sale,10423528,2023-12-27,Harry Meyer,الآنسة بوران الدباغ,Martha Valdez,"آل علي, حنبولي and الراشد",2.3206146966912518,251437.96735563833,Under Review,Cheque,Tempora debitis deleniti. Unde quaerat ullam ea ratione maxime autem. Quisquam eos asperiores molestias temporibus eveniet.
268,126,Sale,9935051,2025-04-27,Adam Chandler,بدرالدّجى الجابر,الآنسة روبين الراشد,Vazquez and Sons,2.90144385916048,451709.3034792425,Under Review,Cheque,"Movement sort main. Drop common value evening.
Attention main ten lay treat hair kitchen. Participant think treatment decide claim top fear meet. Sell figure first specific service spring tough."
269,40,Sublease,111673,2023-11-02,Edward Knight,الدكتور صامد آل مقطة,السيد ظهير آل علي,آل عواض-آل عطفة,4.311072903554752,3735.7057870331355,Under Review,Bank Transfer,Expedita nulla facilis iste modi ducimus sed. Dignissimos voluptatibus laboriosam odit iusto dicta hic. Repudiandae quidem distinctio a.
270,429,Rent,101014,2025-02-12,Linda Brown,Andre David,Desiree Mendez,"الخرافي, حجار and آل الشيخ",4.971655037707666,2260.7475859407195,Completed,Bank Transfer,"Economic performance computer statement purpose individual. Significant blue bag time tax. Race operation open these push.
North budget current choice detail. Not explain however stock party see."
271,71,Assignment,107937,2023-12-08,حياة العليان,Kyle Williams,Rodney Norman,Mooney-Lee,3.1557921032752674,3330.0410666470916,Under Review,Mortgage,When raise name require simple themselves. Enough top section high sell full author campaign. Themselves and according thus.
272,330,Sublease,130773,2024-09-06,Mark West,فارس آل رفيع,بتول الراشد,آل حسين Group,3.3038531171078778,3846.501429472795,Cancelled,Bank Transfer,Nam tenetur cum a. Facilis mollitia tenetur quasi vitae hic eos. Maxime assumenda totam laboriosam quis iure. Occaecati provident distinctio quia.
273,51,Sale,10893295,2024-04-15,Ashley Goodwin,السيدة سبأ آل قصير,أناهيد آل بن لافي,آل بن لافي-بن لادن,4.595199920664054,282705.36720207793,Cancelled,Mortgage,"Argue success anything detail instead should book. Visit describe night effort measure value film.
Kid after budget maintain receive there. Own magazine way decide throughout arm."
274,289,Assignment,55738,2024-08-01,جهاد آل عطفة,Thomas Campbell,Lori Smith,Castillo LLC,3.16834553786681,2428.7622839606547,Pending,Mortgage,Soluta corporis perspiciatis amet aspernatur repellendus doloremque. A suscipit laboriosam ipsum doloribus nostrum saepe est. Vero est corporis error at quod fugit quae.
275,485,Assignment,52800,2024-07-31,Bryan Downs,Tina Henson,Amanda Howard,"آل معيض, الدباغ and أبا الخيل",4.585592211650837,2498.297297516402,Under Review,Cash,Hic error repellendus et aliquam quas explicabo ut. Non quod quia similique qui illum. Minima debitis officia itaque a delectus.
276,403,Rent,180270,2024-07-21,المهندسة ريناد المهيدب,Mary Ross,Tamara Watkins,Foster PLC,2.6072382702097676,5369.62417441076,Completed,Mortgage,"Environmental skill measure see. More through which church floor.
Fall along trade. Whether response bed value soon professor."
277,73,Lease,175290,2024-10-30,المهندس فيصل الراشد,Walter Ward,Brittany Rodriguez,آل عواض-بن لادن,2.3552625708077004,3509.9168243511294,Pending,Mortgage,"Ok until discussion save. Budget value not finally.
Order idea five somebody ahead. Mouth industry political memory education.
Third minute sound end discussion. Serve travel find recently."
278,247,Sale,10824784,2025-02-05,Christine Garza,لوجين آل العسكري,Crystal Morrison,"Mann, Johnson and Moore",4.678609101904909,306843.4177993717,Under Review,Mortgage,"Now short brother discussion. Meeting season fish mention. Role project citizen address sort effect score would.
Side vote cup or claim. Eat fight turn control. Scene none bad suggest."
279,307,Sale,1885099,2023-10-24,Angela Moore,Douglas Franklin,Eric Pollard,Shaw LLC,4.617495326158286,52602.616144201485,Pending,Cheque,"Project it wear what place situation.
Nor compare without quickly happen arrive. Interview fill like science. Growth difficult stuff may create sing foreign wear."
280,242,Sublease,120427,2025-01-15,جمان آل سلطان,Jeffrey Johnson,Teresa Thomas,"المهيدب, فصيل and العليان",4.285576069316783,3633.73233373574,Under Review,Mortgage,Power operation attack reduce office crime. Other add section school leave add rich degree.
281,230,Sale,8944024,2025-03-01,Vickie Sellers,الآنسة فرات العجلان,المهندس فيّاض أبا الخيل,Trujillo Ltd,3.9983883369288273,274684.70683508937,Pending,Bank Transfer,Down natural actually marriage compare. Truth why traditional fine as game law.
282,47,Sublease,63666,2024-12-15,ابتكار العجلان,الدكتور خليفة آل مقطة,الدكتور عزّت آل جعفر,Thomas and Sons,2.260274236716117,2786.3449798108913,Under Review,Bank Transfer,Tend page article why. Though artist season thought talk authority. Senior course describe cost pressure station.
283,296,Rent,53565,2023-09-25,الدكتور صعب آل علي,Matthew Huff,هناء آل رفيع,Farmer Inc,4.403991755388733,2406.199985895411,Cancelled,Cash,Occaecati laborum expedita fugit suscipit quaerat. Nemo dignissimos animi similique ullam omnis. Reiciendis accusantium perspiciatis delectus.
284,482,Sublease,156016,2024-07-08,Carrie Downs,اصيل أبو داوود,ظاعن الحجار,آل عواض-العجلان,4.90794164263389,3278.842443638366,Completed,Cheque,"Maxime odit quaerat perspiciatis. Accusantium iste quaerat rem repellat beatae.
Laborum iusto numquam expedita ipsum. Non recusandae rerum harum quod facilis dolorem."
285,67,Sublease,97213,2024-03-23,دانة آل العسكري,Paula Williamson,Frederick Saunders,آل محمد بن علي بن جماز LLC,2.7492549918952354,1954.8971647611559,Cancelled,Cheque,"Rate represent still issue lay range.
Miss worker outside more color sense animal. Guess look politics sign page unit."
286,136,Assignment,143849,2024-02-23,Erika Jenkins,دارين آل خضير,بلقيس الحكير,West Ltd,2.0461480025255865,6811.5380503663,Cancelled,Mortgage,"Iure voluptatem ab pariatur at alias. Eius similique suscipit consectetur porro quas. Consequatur eaque sit dolore expedita nemo.
Sequi eum odit."
287,384,Sublease,156959,2023-10-23,راما آل بن ظافر,Manuel Wilson,فخري آل قصير,"آل بن لافي, آل حسين and المغاولة",3.423672619246678,6065.487835630935,Under Review,Cash,"Fugiat consectetur eligendi consectetur eius in. Fugit ad maxime veniam.
Veritatis vitae sunt ullam ea. Animi velit accusamus occaecati quo veniam."
288,385,Assignment,129039,2024-11-13,كليم آل الشيخ,Colleen Summers,الآنسة زكية آل حسين,المهيدب Ltd,4.421756268242195,5085.746103024993,Cancelled,Cheque,Themselves seem during music. Early score lose customer box baby record. Poor down even amount effect no right.
289,95,Assignment,92848,2025-03-03,المهندس حيدر آل بن لافي,Ashley Burnett,Francisco Duffy,"المهنا, الجفالي and آل عايض",3.617224991794869,3538.269446845627,Pending,Bank Transfer,"Sister then center least eat actually. When she wish.
History first trouble side pull long. Popular close probably daughter represent. Fight war situation receive soon idea."
290,110,Sale,9836406,2024-05-18,David Fernandez,Mary Jackson,Joshua Gilbert PhD,"المهنا, آل عايض and الدباغ",4.181927634351558,309658.8721080905,Under Review,Mortgage,Price show rather help prevent room lay.
291,276,Sale,10385252,2024-07-18,مهدي آل خضير,المهندس نور آل عواض,Michael Nguyen MD,Phillips-Horton,3.8328148095693466,517593.469011232,Under Review,Cheque,Trouble likely check fund of per. Expect because challenge option idea. Offer sport consumer stand else. Certainly make kitchen.
292,170,Sublease,147044,2024-07-04,الآنسة ياسمين آل عواض,Tanya Liu,الأستاذ طلال آل بن لافي,Thornton LLC,3.908170529674334,6072.711950047259,Under Review,Cheque,Spring very technology move along yourself instead. Respond poor follow rich if head. Affect throw Mrs let education environment.
293,73,Assignment,86915,2023-11-02,المهندسة ميسون الراشد,ريمان المهيدب,ماذى أبا الخيل,Huffman-Arnold,2.019597857362794,3366.4289369732332,Completed,Cheque,"Rate become Republican. Common question their what probably. Various about bring shake near wide between song. Animal involve base.
Place condition decide. Do point play job truth."
294,123,Lease,75379,2024-06-12,Priscilla Taylor,المهندسة ريناد بقشان,الآنسة مايا بن لادن,"Ross, Horton and Lucero",2.3028416162036622,2668.5346305650232,Pending,Mortgage,"Human easy write source. Institution edge third mother light.
List allow mouth drop rest data support. Call successful question paper."
295,174,Rent,58296,2024-07-04,قانت الحجار,ريناد أبا الخيل,صدقي آل جعفر,"العقيل, الشايع and العليان",2.3080266042592856,1744.6259345058447,Under Review,Mortgage,Veritatis quas reprehenderit odio dolor sint corporis. Ipsam tempore officia natus unde.
296,483,Lease,199645,2024-02-02,Mrs. Amanda Duran,أريج الخرافي,Margaret Bishop,الشايع-آل قصير,2.3589771252983107,7768.110899761169,Cancelled,Cheque,Libero quasi soluta itaque vero fugit autem. Fugit neque illo ad nemo possimus consequatur. Quisquam magni et.
297,14,Sublease,166228,2024-10-29,Daniel Oneill,Carrie Rodriguez,بثينة الحكير,"Rollins, Reid and Bell",3.359566929333524,6455.170057165363,Pending,Mortgage,"Week attorney score anyone one. Market room his realize majority. Act suggest particular rest.
Style happy son. Really interesting that law."
298,351,Rent,131946,2025-08-23,راسم آل محمد بن علي بن جماز,Derrick Payne,المهندس رامي المهيدب,"Miller, Curtis and Chen",4.374481385213411,4793.291226081837,Pending,Bank Transfer,Million trip like season beautiful. Maintain walk laugh. Out include number create close lot owner cut. Citizen success left.
299,172,Rent,65479,2024-07-05,Jamie Edwards,الدكتورة دارين أبو داوود,زين آل عواض,فصيل and Sons,3.598126512105964,1864.9211195801574,Pending,Cash,Dignissimos rerum beatae similique id nam numquam. Dicta facilis doloribus dolor.
300,346,Sale,1262834,2023-09-20,إلينا المهيدب,فايد آل محمد بن علي بن جماز,Teresa Martinez,"الخرافي, الدباغ and بن لادن",3.30772753622415,59579.02853858399,Under Review,Cash,"Kitchen thus skin each change five summer. Professor degree international avoid too option program.
Federal between usually understand Democrat. Once ahead rock onto let agency possible reach."
