id,username,email,first_name,last_name,phone,role,department,hire_date,status,last_login,created_at
1,williamsonlaurie,glenn94@example.net,سامي,Powell,465-403-8234,client,,2023-02-08,Active,2025-08-23 06:08:28,2025-01-06
2,jordanmoore,scottteresa@example.net,سراج الدّين,Brown,001-978-672-7569x2963,manager,Operations,2022-10-10,Inactive,2025-08-12 00:48:00,2025-05-31
3,kimberlywolf,terrimcdowell@example.org,Kathleen,Turner,549.549.0271x052,agent,,2024-01-24,Suspended,2025-08-03 03:28:30,2024-09-27
4,ljbral,wardcarlos@example.net,Carrie,أبو داوود,775-744-5281x41941,manager,Finance,2024-10-15,Inactive,2025-07-28 10:06:15,2024-10-21
5,theresashaw,sdwmal-hsyn@example.net,مهنّد,آل سعود,(978)269-6212x155,agent,,2023-06-11,Inactive,2025-07-30 21:22:58,2024-12-04
6,lbn-ldn,ly65@example.org,Lori,Robinson,(967)667-4458,manager,Operations,2025-01-03,Suspended,2025-08-13 06:42:29,2025-03-22
7,nhaley,jason31@example.net,مطاوع,آل معيض,470.854.3661x1230,supervisor,,2022-10-19,Inactive,2025-08-23 18:07:33,2024-09-28
8,jamesleach,ndrshrbtly@example.com,عبّاس,المشاولة,642-388-7641,manager,HR,2024-07-27,Inactive,2025-08-13 10:48:57,2024-09-05
9,bd87,lyn54@example.org,Ryan,المهنا,2122517069,supervisor,,2023-05-08,Active,2025-08-01 19:35:23,2025-07-23
10,mylal-rfy,jll-ldwynal-myd@example.org,Wendy,حنبولي,(713)970-9908x88275,agent,,2023-06-12,Inactive,2025-08-01 18:23:51,2025-02-13
11,plopez,jerry39@example.org,نوف,كانو,270-489-4443,client,,2025-04-17,Inactive,2025-08-06 07:54:29,2025-07-17
12,timothy99,megan85@example.com,Charles,Hodge,(976)455-9431x9046,manager,Customer Service,2025-06-06,Inactive,2025-08-02 19:54:13,2024-08-31
13,jensenjessica,b-lkhylthmn@example.com,Melody,الخرافي,4965745217,manager,Operations,2024-11-11,Suspended,2025-08-22 06:49:02,2025-03-03
14,becky36,vljln@example.com,نوره,Johnson,+1-639-339-4160x8585,client,,2024-09-20,Active,2025-08-18 01:45:38,2025-06-13
15,jenkinsnancy,tj12@example.com,Emma,الجابر,609-841-3298x99387,employee,Customer Service,2025-03-04,Active,2025-08-17 18:05:14,2025-01-23
16,bn-ldnnwrs,hmdylrshd@example.com,Jonathan,Williams,629.933.7532,client,,2023-10-18,Active,2025-07-30 03:15:43,2024-10-26
17,lori11,ksmith@example.com,عبد الحليم,Finley,453-779-3688,admin,Sales,2023-02-23,Inactive,2025-08-13 22:23:00,2024-12-19
18,rf86,blshy@example.com,Melinda,آل سلطان,929.582.8491,agent,,2023-01-04,Inactive,2025-08-01 04:50:22,2024-12-24
19,mrogers,lrshdzryf@example.com,غازي,الحكير,(439)539-5562,employee,IT,2025-05-07,Inactive,2025-08-09 19:18:14,2024-09-16
20,qtz43,dustin29@example.com,David,فصيل,+1-427-938-7638,agent,,2025-04-17,Active,2025-08-07 11:50:30,2025-06-21
21,james34,zrose@example.org,Roger,Pearson,949-428-4111x8198,client,,2024-11-01,Suspended,2025-08-12 18:25:32,2025-02-14
22,hmorgan,lwm98@example.org,Tamara,Robinson,(820)284-8307x16353,admin,Marketing,2023-12-20,Inactive,2025-08-11 04:23:06,2025-02-20
23,alexharris,ydal-lshykh@example.org,Jeremy,Gay,628-499-0574,employee,Finance,2024-12-23,Suspended,2025-08-24 00:59:30,2024-12-12
24,frtal-wd,alanbrown@example.org,سائد,Ryan,420-216-8152x127,agent,,2023-06-27,Inactive,2025-08-12 19:54:58,2024-09-30
25,thqyfal-bn-zfr,xdawson@example.com,Tanya,Russell,001-958-480-5494x97085,client,,2023-09-29,Active,2025-08-07 03:57:46,2024-09-18
26,mooreshane,mlkmhn@example.org,Stephanie,Smith,248.306.9944x35192,agent,,2023-03-06,Inactive,2025-08-05 20:44:36,2025-08-13
27,khlylal-yd,geraldsmith@example.com,Donald,Gomez,846.484.1139x420,agent,,2025-06-24,Active,2025-08-09 18:50:46,2025-04-06
28,hnbwlynbyh,dennislamb@example.org,Kathryn,Shah,001-307-456-8464x4119,supervisor,,2023-07-04,Inactive,2025-08-14 20:05:03,2025-05-10
29,amandagonzalez,ulmhn@example.net,Stephanie,آل محمد بن علي بن جماز,(283)938-6761x2470,client,,2023-04-20,Inactive,2025-08-05 07:16:53,2025-03-31
30,yal-rfy,rmhyhnbwly@example.net,ترانيم,أبو داوود,+1-731-536-1979,admin,Legal,2025-04-07,Active,2025-08-21 12:10:54,2025-03-17
31,williamjohnson,garnerpatricia@example.org,Charles,آل صفوان,(422)279-3422x6605,employee,Marketing,2025-04-28,Active,2025-08-05 09:21:16,2025-07-03
32,bqshndysm,jackie15@example.org,مرشد,آل قصير,+1-527-347-8775,supervisor,,2025-02-07,Suspended,2025-08-24 14:51:30,2025-02-17
33,kathyanderson,tmmlqyl@example.org,زهدي,Edwards,001-994-994-8493,supervisor,,2025-02-18,Inactive,2025-07-28 08:57:50,2024-09-04
34,zlhkyr,fthal-khdyr@example.net,مجد,Macias,+1-433-643-2395x20581,client,,2024-12-30,Active,2025-08-23 02:22:31,2025-05-16
35,bd-lqdwwsb-lkhyl,timothyolson@example.com,فرات,آل سلطان,(741)869-1151x15973,admin,HR,2024-07-06,Suspended,2025-08-24 10:39:20,2025-04-11
36,dawn99,dy79@example.net,Frederick,Porter,889.541.7513,client,,2025-04-11,Suspended,2025-08-19 00:37:37,2024-09-10
37,slfmhn,zsmith@example.org,Susan,آل خضير,+1-639-496-4345x51998,admin,Sales,2024-07-15,Suspended,2025-08-01 18:24:58,2025-02-23
38,yb-lkhyl,jenniferclark@example.net,وفائي,مهنا,(663)285-7067x258,supervisor,,2024-11-10,Inactive,2025-08-10 21:57:44,2025-05-30
39,millerwanda,castillolance@example.com,Thomas,المهيدب,(665)636-0102x06628,manager,Customer Service,2024-01-28,Inactive,2025-07-26 18:16:28,2025-04-18
40,robertdiaz,cynthiahunter@example.org,كاشف,العليان,(994)567-4850,supervisor,,2023-10-25,Inactive,2025-07-27 01:41:55,2024-08-23
41,smdal-myd,ritagonzalez@example.org,David,مهنا,489.456.9950x51849,manager,Customer Service,2025-06-11,Suspended,2025-08-20 04:26:31,2025-06-21
42,jmnmhn,frdwsbqshn@example.com,عبد القهّار,آل قصير,(237)319-6495x777,admin,Finance,2024-01-04,Active,2025-08-22 09:32:28,2024-10-20
43,zkhr09,johnhoward@example.com,Shirley,الشايع,+1-717-722-5223,manager,Legal,2025-01-14,Suspended,2025-08-09 04:34:42,2025-05-06
44,njy77,christopherfuentes@example.com,مروان,Watkins,+1-811-791-0999x13336,agent,,2023-03-31,Suspended,2025-08-16 23:32:12,2025-03-25
45,wigginsmichelle,brewerdylan@example.org,Ryan,Grant,7744351234,admin,Marketing,2023-04-19,Active,2025-07-29 08:50:57,2024-09-04
46,meyersscott,gomeztom@example.net,Ashley,Horton,(628)586-8022,manager,IT,2024-08-25,Active,2025-07-29 16:14:23,2025-06-12
47,twise,bw-dwwdrstm@example.net,Nathan,آل بن ظافر,001-969-437-2706x231,manager,Sales,2025-04-05,Inactive,2025-08-10 23:22:08,2025-02-18
48,jenniferwright,susan04@example.org,Amanda,آل خضير,(869)823-6295x04121,manager,HR,2023-10-14,Inactive,2025-08-18 00:34:03,2025-01-07
49,edwardrogers,al-bn-zfrmyrl@example.org,Kristina,Mcdonald,663-682-0668x262,agent,,2022-10-05,Inactive,2025-08-12 00:30:24,2024-09-03
50,xjames,mal-tf@example.com,حميد,آل عايض,297-449-7869,employee,Finance,2025-07-14,Inactive,2025-08-10 22:21:08,2025-04-02
51,robertkidd,snydereric@example.com,Tiffany,Davis,(872)862-4555x7530,manager,Marketing,2023-12-28,Suspended,2025-07-29 05:33:57,2025-04-14
52,oconnorsierra,ldbgzryf@example.net,Sharon,آل الشيخ,362-209-0984,client,,2024-10-09,Inactive,2025-08-15 13:49:38,2025-08-23
53,paularmstrong,smt22@example.org,أفنان,آل رفيع,299-645-0311,admin,HR,2025-06-22,Active,2025-08-06 03:09:47,2025-08-17
54,emitchell,al-lskrymjd@example.net,صلاح,شربتلي,(267)791-6802x23732,client,,2024-02-10,Active,2025-08-16 22:02:43,2024-10-08
55,rljfly,karen48@example.com,Jeffrey,آل الشيخ,225.840.7978x4667,employee,Legal,2023-06-18,Suspended,2025-07-30 16:07:20,2024-10-23
56,dyoung,taylor40@example.com,فتوح,العجلان,+1-939-781-4285x98528,manager,Customer Service,2023-12-03,Active,2025-08-18 05:32:32,2025-06-15
57,amhn,ulmhydb@example.org,زيد,الحكير,(273)753-4677x35698,agent,,2024-10-06,Inactive,2025-08-15 19:26:28,2025-03-04
58,deborahrodgers,wpayne@example.com,ضحى,آل معيض,(594)245-8724,employee,IT,2024-05-09,Suspended,2025-08-17 07:41:35,2025-02-28
59,gzyal-jfr,johnvasquez@example.org,Gregory,العقيل,001-685-790-7762x239,employee,Customer Service,2024-06-24,Active,2025-08-12 23:46:40,2025-03-27
60,jodiandrews,hym59@example.net,Jennifer,Noble,+1-631-442-9086x202,client,,2025-08-05,Active,2025-08-15 23:47:41,2024-12-11
61,munyrlkhrfy,lisa82@example.net,مهنّد,آل عطفة,577-220-3028x8195,admin,Customer Service,2023-09-01,Suspended,2025-08-06 15:49:49,2025-08-03
62,blhjr,johnsonsherry@example.com,نبهان,الجابر,307-545-7637,employee,Operations,2024-07-16,Inactive,2025-07-28 12:01:53,2025-01-07
63,annakelly,michelle64@example.com,Sabrina,فصيل,696-812-0071x50804,supervisor,,2025-01-26,Active,2025-08-01 07:38:25,2025-04-05
64,kml59,diazgregory@example.com,جهراء,آل معيض,567.502.0863,employee,IT,2024-10-13,Suspended,2025-08-04 10:12:13,2024-09-21
65,nunezbruce,nguyensally@example.net,معارف,Kline,001-715-559-2838x049,agent,,2023-05-09,Suspended,2025-08-16 17:03:37,2024-12-13
66,cummingsshannon,johnselizabeth@example.org,Joshua,Robinson,+1-695-634-0991,agent,,2025-08-20,Active,2025-08-11 15:24:34,2024-12-24
67,richarddaniel,alshy@example.com,ليث,الراشد,+1-398-286-1403x86176,admin,Marketing,2024-07-14,Suspended,2025-07-26 11:12:23,2025-02-09
68,kenneth64,hjrmfyd@example.net,Tricia,Reyes,716.540.8707,manager,Finance,2023-04-18,Active,2025-08-18 18:50:25,2025-06-01
69,carl90,uroberts@example.com,زهران,Johnson,745-803-1413x363,supervisor,,2024-05-18,Active,2025-08-08 23:41:37,2025-07-14
70,ujackson,ual-yd@example.com,إباء,حجار,(872)908-3640,supervisor,,2023-05-06,Active,2025-08-10 10:18:18,2024-10-29
71,peter49,yolanda56@example.net,Walter,المهنا,+1-380-471-9090x444,employee,Sales,2023-02-23,Active,2025-07-29 04:01:27,2024-12-13
72,lmhydbftyn,dwwd44@example.com,Frank,Williams,730.720.4626,supervisor,,2022-11-19,Suspended,2025-08-10 07:23:27,2024-09-23
73,kathryn71,lynlqyl@example.org,Roger,Joseph,931-847-5124x390,agent,,2024-08-07,Active,2025-08-17 08:10:18,2025-08-20
74,lmshwlnsry,lisa20@example.net,عزّت,Rose,683.763.2839,supervisor,,2023-01-18,Inactive,2025-08-20 03:58:59,2025-05-23
75,knightstephen,lindamueller@example.com,زكريا,كانو,851.791.0600,client,,2023-09-20,Inactive,2025-08-20 12:31:20,2025-06-14
76,jwn50,peterfisher@example.org,Michelle,Blankenship,(632)737-5812x33543,agent,,2023-03-12,Active,2025-08-05 13:02:28,2024-10-06
77,mitchellbrian,andrew67@example.com,Shannon,العجلان,+1-486-242-9504x5736,employee,IT,2023-06-22,Inactive,2025-08-24 08:08:34,2024-12-11
78,yhjr,olivia76@example.org,مُعتز,Gates,623.206.2346,manager,Operations,2023-08-17,Suspended,2025-07-26 21:19:36,2025-04-27
79,sanderskyle,pamela26@example.com,Cheryl,Hernandez,273-320-8269x925,admin,Marketing,2024-09-03,Active,2025-07-27 21:49:58,2024-12-04
80,teresasexton,jhdal-mhmd-bn-ly-bn-jmz@example.com,Michael,Fox,+1-580-452-6560x50268,admin,Legal,2025-05-14,Active,2025-08-10 11:26:34,2024-10-19
81,hansenrobert,al-mydmtw@example.org,Jack,آل قصير,001-379-258-3077x84015,supervisor,,2023-06-18,Suspended,2025-08-20 16:43:03,2025-06-27
82,lshygryd,ial-bn-lfy@example.net,Joseph,آل مقطة,(318)588-7636x3298,manager,IT,2024-06-17,Active,2025-08-09 05:06:04,2025-08-15
83,jwynal-rfy,richardjackson@example.net,راجي,Carrillo,+1-207-962-3626x90215,admin,Finance,2023-01-02,Suspended,2025-08-15 13:22:08,2025-07-03
84,shrbtlyrywn,slfljln@example.org,Jacqueline,Anderson,970.208.4605,employee,HR,2023-10-05,Active,2025-08-24 15:19:35,2025-01-28
85,gldbg,hallerin@example.net,Jessica,المهيدب,+1-738-476-2242,client,,2022-12-31,Active,2025-07-31 06:17:02,2025-07-07
86,wagnerkayla,mrtqyal-lshykh@example.com,خلوصي,Gomez,+1-594-798-9247,admin,HR,2023-07-19,Suspended,2025-08-19 17:39:47,2025-03-17
87,lmhnnwl,aguilarheidi@example.com,قصيد,آل مقطة,227-891-2419,admin,Legal,2023-09-08,Active,2025-07-26 14:41:24,2024-09-24
88,kristenroberts,qal-qsyr@example.org,Richard,Madden,+1-677-224-1110,employee,Marketing,2023-08-25,Active,2025-07-27 23:42:10,2025-01-07
89,foxwalter,guerramark@example.net,Erica,Lawrence,(390)771-5349x16434,admin,Customer Service,2025-07-24,Active,2025-07-28 06:23:22,2025-07-10
90,jimenezanna,ryjal-ly@example.org,غالب,الدباغ,725.783.0322x41345,agent,,2024-06-24,Suspended,2025-08-15 21:20:44,2025-06-26
91,jlmshwl,james74@example.org,Alyssa,Kennedy,4126428541,supervisor,,2023-10-23,Active,2025-08-07 06:24:31,2025-06-14
92,pamela01,claudiaphillips@example.net,Maria,Ellis,(704)878-0758x645,employee,Finance,2024-03-18,Inactive,2025-08-14 09:43:15,2025-03-28
93,nshwnlhkyr,daniel05@example.net,حسنين,Bailey,707.725.7211x120,employee,Legal,2023-12-07,Active,2025-07-26 06:16:15,2025-07-14
94,zdavis,andersonbrandon@example.com,راجح,الجابر,+1-970-642-8784x804,agent,,2022-10-28,Inactive,2025-08-20 13:58:40,2024-09-02
95,bd-lltyf76,dhb12@example.org,Bethany,فصيل,(313)293-1682x6711,employee,HR,2023-02-06,Active,2025-08-21 21:48:35,2024-08-30
96,bhall,bd-lmlkal-khdyr@example.net,ضياء الدّين,مهنا,499.265.4063,admin,Customer Service,2023-08-10,Inactive,2025-08-09 22:13:46,2025-06-07
97,gmartin,llewis@example.net,Lauren,بقشان,509-654-2139,employee,Marketing,2024-02-25,Suspended,2025-07-26 08:55:17,2025-07-15
98,allenbrandy,al-ydrj@example.net,بهجة,العقيل,822-871-7610,admin,HR,2022-10-24,Active,2025-07-25 19:29:47,2024-12-08
99,nal-mqt,leslie60@example.org,Teresa,Scott,495-833-1928x78743,supervisor,,2024-11-02,Suspended,2025-08-12 17:31:00,2024-10-26
100,john94,bd-lwhdhjr@example.org,Jimmy,آل رفيع,6393636378,employee,Operations,2022-11-21,Active,2025-08-21 22:08:05,2024-09-06
101,michaelcastillo,wilsonfrank@example.net,Emily,حجار,(307)328-7877x21068,manager,Operations,2024-07-17,Suspended,2025-07-31 01:59:50,2025-07-30
102,gmeyer,michaelwilliams@example.org,William,Montgomery,001-725-343-3608x8180,admin,Finance,2023-06-11,Suspended,2025-08-05 01:29:42,2024-11-30
103,eugene72,rbarrera@example.com,Michael,Greene,+1-534-764-0012x8136,employee,HR,2022-12-15,Inactive,2025-07-30 07:18:23,2024-12-17
104,smiranda,gly70@example.net,Shannon,آل معيض,+1-576-640-0901x87986,employee,Legal,2024-12-16,Active,2025-08-14 03:33:56,2024-09-25
105,downskirk,blmhydb@example.org,سليم,العليان,(726)262-4380x439,employee,Operations,2023-09-14,Suspended,2025-08-03 09:59:17,2025-01-07
106,shml45,nataliejones@example.com,مشرق,Calderon,(536)524-6481x516,manager,Finance,2023-12-17,Suspended,2025-07-31 03:55:33,2024-11-16
107,nbarnes,tyq66@example.net,مياس,Forbes,3793132852,supervisor,,2024-12-29,Active,2025-08-12 22:34:48,2025-08-07
108,shdwd41,oweber@example.org,عتريس,العقيل,(592)780-8335,supervisor,,2024-02-02,Inactive,2025-07-28 23:35:43,2025-03-24
109,lhjrhtm,yqynbqshn@example.net,ابتهاج,Willis,621.933.3776x037,agent,,2023-05-29,Active,2025-08-10 14:48:52,2024-11-19
110,sarajenkins,khurst@example.org,Emily,أبا الخيل,001-950-901-4870x694,client,,2023-03-14,Inactive,2025-08-08 21:24:55,2025-02-04
111,jamespollard,sdwnal-lshykh@example.com,عبد القدّوس,أبا الخيل,(399)379-4841x10028,manager,HR,2025-07-26,Suspended,2025-07-25 22:47:22,2024-10-31
112,morristony,jylnb-lkhyl@example.net,لبيب,آل عايض,001-896-292-7143,employee,IT,2024-03-06,Suspended,2025-08-13 21:48:28,2025-07-09
113,zjones,justin31@example.net,Karen,Douglas,(388)700-7429x43108,agent,,2024-11-18,Active,2025-07-30 08:33:06,2025-02-24
114,danieljohnson,edwardtaylor@example.com,Robert,Kim,+1-469-286-1919x333,admin,Sales,2023-04-12,Suspended,2025-08-16 10:17:20,2024-10-26
115,ggilbert,merrittstephen@example.org,شدّاد,Morton,(939)463-3339x28122,supervisor,,2024-06-05,Active,2025-08-05 08:24:20,2025-01-09
116,grahamrobin,elevy@example.net,Carmen,Reeves,580.782.6972x501,agent,,2025-03-20,Active,2025-08-08 15:47:59,2025-01-30
117,kimberly75,trnym41@example.org,Alan,آل عطفة,851.846.7819,client,,2025-03-29,Suspended,2025-08-16 12:51:48,2024-10-11
118,sarahromero,dylanpeterson@example.com,زهير,Gamble,(632)614-9313x334,agent,,2024-06-30,Active,2025-08-13 21:20:07,2025-03-17
119,cthomas,thomas24@example.org,Karla,المهيدب,+1-413-948-2781x92317,supervisor,,2023-03-27,Active,2025-08-02 21:20:57,2025-03-05
120,anthony66,vsmith@example.org,Jennifer,Williamson,387-766-6741x2881,employee,Customer Service,2022-10-24,Suspended,2025-08-19 11:43:05,2024-09-03
121,mrtqyhnbwly,al-lygmd@example.net,مياس,بقشان,216-733-7642x8759,supervisor,,2023-10-11,Inactive,2025-08-08 04:39:03,2025-05-19
122,rberry,yjohnson@example.net,ضاحك,آل بن لافي,956-850-3146x77342,client,,2023-11-15,Inactive,2025-08-24 12:16:54,2025-06-19
123,mznal-sltn,hsn91@example.org,عرفه,الحجار,(634)382-8601x7492,employee,Marketing,2022-12-27,Active,2025-07-31 13:53:47,2025-02-08
124,lmljfly,fforbes@example.org,Kathy,الجفالي,(214)294-0843x2541,admin,HR,2024-09-10,Suspended,2025-08-22 00:24:57,2024-09-26
125,qljbr,olmgwl@example.com,عتيد,فصيل,777.493.3191x228,admin,HR,2023-12-26,Suspended,2025-08-02 19:38:20,2025-04-10
126,hlmshwl,montgomerysteven@example.com,Erin,المهنا,667.649.2281x5284,agent,,2024-08-19,Suspended,2025-08-12 19:29:55,2025-04-28
127,llkhrfy,tonya02@example.com,نصري,آل عطفة,(236)390-1062,admin,HR,2024-05-27,Inactive,2025-08-08 08:07:20,2025-01-30
128,emorris,alexander86@example.com,يسرى,Williams,(583)656-0259,client,,2024-08-16,Active,2025-08-16 02:32:45,2024-10-04
129,frzdqlmhn,zllyn@example.com,خميس,Herring,+1-906-309-0133x98297,manager,Operations,2025-08-17,Suspended,2025-08-03 01:44:04,2024-12-02
130,jmlbn-ldn,lopezdavid@example.org,Edgar,Williams,665.310.0295x357,agent,,2024-02-24,Active,2025-08-20 05:48:17,2025-08-03
131,cwebb,glenn03@example.net,Pamela,Ramirez,001-564-645-7115x127,admin,HR,2025-07-19,Inactive,2025-08-20 08:41:31,2024-11-08
132,jkelly,hmd45@example.org,يعقوب,Boyd,(584)319-3311x847,employee,Customer Service,2025-06-01,Active,2025-07-25 21:23:45,2024-09-09
133,ql91,donald71@example.org,Timothy,آل سلطان,512-645-3614x49628,supervisor,,2023-04-30,Suspended,2025-08-17 20:18:28,2024-12-06
134,deannaanderson,sbwrbn-ldn@example.com,Kimberly,Clark,(855)615-0172x94939,agent,,2023-08-23,Active,2025-08-03 15:18:22,2025-08-11
135,al-lysmy,jlyl86@example.com,منيف,أبو داوود,+1-873-801-7275x89108,manager,Finance,2022-11-05,Active,2025-07-26 15:18:01,2025-05-18
136,carrie56,rhyfshrbtly@example.com,Kimberly,Cruz,403-651-4843x287,client,,2022-11-07,Inactive,2025-08-05 14:11:14,2025-02-12
137,shaunbaker,lambjoseph@example.org,افتكار,كانو,001-446-844-8606x04925,manager,Marketing,2024-11-17,Active,2025-07-27 03:05:04,2025-06-14
138,sdwnbw-dwwd,brownjustin@example.net,سراج,Garcia,2703855819,manager,Legal,2022-12-25,Inactive,2025-08-20 08:47:21,2024-09-28
139,xflores,shdy45@example.net,Tammy,حنبولي,+1-487-239-5881x4869,employee,HR,2025-07-12,Inactive,2025-08-15 05:39:40,2025-07-23
140,nm02,elhkyr@example.net,جرير,Lester,952.614.3798x286,agent,,2023-04-18,Active,2025-07-25 22:53:09,2025-06-26
141,frtal-hsyn,fydal-tf@example.com,وفيق,Freeman,001-426-913-4827x795,agent,,2024-01-17,Active,2025-08-21 08:16:24,2025-03-13
142,sbryal-hsyn,al-wdsndyd@example.org,هايدي,آل رفيع,644.740.9205x8603,admin,Sales,2025-03-25,Active,2025-08-21 23:52:27,2025-06-06
143,olkhrfy,xkidd@example.com,Peter,العليان,+1-887-903-5282x150,admin,Operations,2025-05-06,Inactive,2025-08-18 16:05:47,2025-01-08
144,samanthawise,lgreene@example.org,حفيظ,Wiggins,8176367965,client,,2022-11-21,Active,2025-08-14 06:30:32,2024-11-25
145,ydavis,al-lshykhmrshd@example.com,جرّاح,Green,(440)823-7359,agent,,2024-07-15,Suspended,2025-08-01 08:28:03,2025-01-16
146,lsavage,erin29@example.com,Corey,المغاولة,+1-456-284-2082x67587,manager,Finance,2024-09-07,Suspended,2025-08-07 13:01:33,2024-08-26
147,sjd95,debrawhite@example.org,حافظ,Fernandez,581.993.5024,employee,Operations,2023-04-20,Active,2025-08-21 03:43:48,2025-01-09
148,zhrfsyl,krm25@example.net,لارا,المهنا,562.957.9706x5509,employee,Marketing,2025-02-23,Inactive,2025-08-09 15:00:36,2025-06-17
149,al-bn-lfylbyd,tonya18@example.org,Sean,Davis,(705)355-1398x029,manager,Marketing,2023-07-16,Inactive,2025-08-03 03:49:18,2025-07-21
150,bqshnsbr,bd-lgfwr28@example.org,آلاء,آل عواض,387.921.4025x0065,agent,,2023-08-24,Suspended,2025-08-06 15:41:10,2025-07-11
151,timothyscott,dianalarsen@example.com,صهيب,آل مقطة,397-814-1762x89047,client,,2024-01-01,Inactive,2025-08-19 04:10:41,2025-01-03
152,robertspence,calebestes@example.net,Christopher,أبا الخيل,001-931-888-0024x31500,employee,IT,2023-04-25,Inactive,2025-08-23 21:21:02,2025-08-14
153,khfqlmhydb,twfyq30@example.net,Ethan,آل محمد بن علي بن جماز,532.910.8759,admin,Sales,2024-12-30,Inactive,2025-08-21 00:13:14,2024-09-05
154,feliciapark,kellyhall@example.net,Andrew,Johnson,+1-463-785-3706x7625,employee,Operations,2025-05-10,Active,2025-08-18 01:31:57,2025-08-10
155,foxchristine,frt80@example.com,Michael,المغاولة,(788)474-9823x80565,supervisor,,2024-04-22,Active,2025-08-24 07:56:02,2025-05-12
156,nicholas00,christopher46@example.org,Henry,Bell,457-492-3527x297,manager,Marketing,2022-08-24,Inactive,2025-08-18 11:16:03,2025-01-23
157,ral-lskry,al-ydjbr@example.net,غانم,أبا الخيل,3548942265,agent,,2025-02-04,Inactive,2025-08-10 06:34:32,2024-10-06
158,april96,gstark@example.net,ظاهر,Scott,732.247.5924x9465,admin,Legal,2024-07-01,Active,2025-08-14 08:26:08,2024-11-06
159,bwrnfsyl,obn-ldn@example.org,ابتسام,المشاولة,+1-692-444-1371x4841,client,,2023-04-14,Inactive,2025-07-28 20:26:22,2025-03-01
160,wf90,davidlynch@example.com,كرم,بقشان,311-832-3404,agent,,2025-01-21,Active,2025-08-04 11:58:13,2025-04-28
161,al-jfrrsm,llmgwl@example.com,فائق,Campbell,608.422.3400,agent,,2024-11-15,Suspended,2025-08-05 21:33:12,2025-05-15
162,dlyal-yd,fal-bn-lfy@example.org,Victoria,Logan,+1-264-757-5299x80510,admin,IT,2023-08-17,Active,2025-08-24 10:35:59,2024-11-13
163,patrickwhite,ymclaughlin@example.net,Travis,Hurst,+1-768-656-3980x3988,admin,Marketing,2024-08-18,Inactive,2025-07-31 00:18:13,2024-09-08
164,ruthmendoza,val-mhmd-bn-ly-bn-jmz@example.com,غوى,Mckinney,616.545.9454x71366,client,,2022-12-12,Suspended,2025-08-23 18:51:19,2025-07-20
165,rgbfsyl,mrshd19@example.org,Brittany,آل بن ظافر,654-211-5739x8564,agent,,2022-10-27,Active,2025-08-18 00:25:52,2025-06-20
166,milescaitlin,ldbgkrm@example.net,سعدون,West,(752)544-7729,employee,Marketing,2023-06-04,Active,2025-08-10 22:04:40,2024-10-17
167,shdy45,lisajames@example.org,غازي,Huynh,001-638-951-8283,manager,Legal,2025-03-31,Suspended,2025-08-13 11:36:29,2025-06-29
168,michaelterry,sm66@example.net,عبد الإله,Whitaker,401-255-4003,admin,IT,2023-07-10,Suspended,2025-07-26 12:51:15,2025-05-24
169,pattersonralph,ndyh77@example.org,Kathleen,العجلان,+1-442-763-7291x9679,admin,Customer Service,2025-02-07,Suspended,2025-08-24 15:08:43,2024-12-18
170,shrbtlytj-ldwyn,tmm29@example.net,Julia,فصيل,(274)985-3462x45768,employee,IT,2025-03-10,Suspended,2025-08-24 09:35:38,2024-10-19
171,dgomez,sean04@example.org,يمام,آل معيض,(559)291-6267,supervisor,,2023-04-02,Active,2025-08-19 18:01:56,2024-12-05
172,al-hsynmzhr,michaelkaiser@example.org,Jennifer,Lee,+1-889-394-1008,admin,Marketing,2024-01-10,Active,2025-07-25 18:00:25,2024-12-18
173,aal-khdyr,ericwalker@example.com,Sarah,آل علي,+1-422-701-4234x1116,supervisor,,2024-06-25,Inactive,2025-08-13 17:53:42,2025-03-31
174,hsyb48,bw-dwwdtkf@example.net,Christopher,Robertson,+1-968-344-5449x590,employee,Finance,2023-05-21,Inactive,2025-08-13 18:00:39,2025-06-10
175,al-ydjwn,fritzscott@example.org,Scott,الخرافي,8248383130,admin,Finance,2023-05-15,Active,2025-08-17 12:58:16,2025-08-01
176,hywnal-bn-zfr,stephaniespencer@example.com,Alexis,آل عايض,3712484348,agent,,2022-11-15,Suspended,2025-07-30 19:11:48,2025-01-16
177,samantharodriguez,rebeccacurtis@example.net,David,العليان,818.310.4110x8121,client,,2024-07-12,Suspended,2025-08-11 09:09:03,2024-09-09
178,james56,dhbldbg@example.net,ضحّاك,Ruiz,397-777-8725,agent,,2023-11-10,Active,2025-08-05 12:04:13,2025-02-09
179,tlfsyl,ub-lkhyl@example.net,Randy,الحجار,7765539125,agent,,2023-01-14,Active,2025-08-05 10:10:30,2025-03-02
180,mqdmlhjr,mollystuart@example.com,سرحان,Trevino,+1-257-877-0119x778,client,,2022-11-28,Inactive,2025-08-21 12:36:05,2025-07-05
181,krobertson,hnbwlyjryr@example.com,مرتقي,الحجار,+1-736-429-7946,supervisor,,2024-03-07,Inactive,2025-08-05 12:52:43,2025-06-05
182,joseph75,dy36@example.org,ذكي,المهيدب,347-870-7421x365,client,,2024-01-10,Active,2025-07-28 21:56:29,2024-12-04
183,krm82,xbrown@example.org,Scott,آل رفيع,227.348.9159x57603,admin,Finance,2025-03-21,Active,2025-08-05 21:55:59,2025-01-30
184,susan21,al-sfwnthsyn@example.org,رمحي,Mcguire,4587849375,admin,Sales,2023-09-25,Inactive,2025-08-04 16:06:52,2025-05-03
185,jenniferhenson,bn-ldnwjdy@example.org,حسني,Collins,+1-480-835-9456x14432,manager,Finance,2023-02-18,Suspended,2025-08-02 05:29:32,2025-06-03
186,wlin,parkermichael@example.org,Sue,Jimenez,001-681-256-9784x6321,manager,Operations,2022-10-28,Suspended,2025-08-21 13:43:34,2025-04-10
187,kimashley,zcrawford@example.org,Jeremy,Rodgers,(835)567-2444,manager,IT,2022-09-05,Suspended,2025-08-10 14:29:15,2024-11-11
188,alexalozano,tmdllyn@example.net,جواهر,Simpson,+1-320-227-0201x9629,admin,IT,2024-02-13,Suspended,2025-07-30 05:09:10,2024-10-04
189,dal-mhmd-bn-ly-bn-jmz,daniel81@example.net,Caleb,المهيدب,(852)350-6672x10908,employee,Sales,2025-03-29,Active,2025-08-15 02:24:12,2025-06-21
190,lal-rfy,al-khdyrmhyb@example.net,وليد,الراشد,(578)599-6967x879,manager,Finance,2025-07-08,Suspended,2025-08-05 22:48:35,2025-01-21
191,rmz34,lhjrndhyr@example.org,مُنير,Bailey,001-808-276-6876,manager,Finance,2023-12-13,Suspended,2025-08-20 12:19:38,2024-12-18
192,kml66,gjacobs@example.org,Nancy,Kim,3604265877,employee,Marketing,2024-12-30,Active,2025-08-07 09:56:13,2025-07-10
193,ihjr,sperez@example.net,بهية,Graham,362-321-2051x303,manager,Legal,2024-06-03,Active,2025-08-18 03:14:26,2025-05-29
194,heather11,smal-hsyn@example.net,رجائي,Yates,815-620-5988x859,admin,Finance,2023-09-24,Inactive,2025-07-30 17:55:43,2024-12-21
195,kristen51,stacey73@example.net,Charles,أبا الخيل,615-345-9215x1771,employee,Sales,2023-11-07,Inactive,2025-08-01 12:56:54,2025-06-20
196,christiancastaneda,barbara61@example.com,عزاز,Mclean,(701)687-3274x316,manager,IT,2025-04-11,Active,2025-08-05 20:28:25,2025-07-17
197,ramosjonathan,gzwnljln@example.org,Daniel,Harvey,(602)943-0639,client,,2025-05-27,Inactive,2025-08-10 13:42:27,2025-08-21
198,mooredarrell,wilkinsoncharles@example.net,فراس,آل بن ظافر,001-283-819-9433x01053,admin,Operations,2025-07-12,Active,2025-07-26 06:49:42,2025-03-26
199,jwilson,alejandraroberts@example.net,قصيد,آل عطفة,(563)645-5543,admin,Customer Service,2023-05-12,Active,2025-08-16 10:16:51,2025-05-25
200,smithnorma,ilopez@example.net,شبيب,الخرافي,985.806.8474,supervisor,,2025-08-07,Inactive,2025-08-20 00:45:53,2025-01-04
